,Drug Name,DrugBank ID,PubChem CID,PubChem SID,SMILES,Gene,NSC
1138,Pyrimethamine,DB00205,4993.0,46505987.0,CCC1=C(C(N)=NC(N)=N1)C1=CC=C(Cl)C=C1,DHFR,3061.0
1139,Pyrimethamine,DB00205,4993.0,46505987.0,CCC1=C(C(N)=NC(N)=N1)C1=CC=C(Cl)C=C1,DHFR,757306.0
1140,Pyrimethamine,DB00205,4993.0,46505987.0,CCC1=C(C(N)=NC(N)=N1)C1=CC=C(Cl)C=C1,HEXB,3061.0
1141,Pyrimethamine,DB00205,4993.0,46505987.0,CCC1=C(C(N)=NC(N)=N1)C1=CC=C(Cl)C=C1,HEXB,757306.0
1189,Lovastatin,DB00227,53232.0,46508223.0,[H][C@]12[C@H](C[C@@H](C)C=C1C=C[C@H](C)[C@@H]2CC[C@@H]1C[C@@H](O)CC(=O)O1)OC(=O)[C@@H](C)CC,HMGCR,633781.0
1190,Lovastatin,DB00227,53232.0,46508223.0,[H][C@]12[C@H](C[C@@H](C)C=C1C=C[C@H](C)[C@@H]2CC[C@@H]1C[C@@H](O)CC(=O)O1)OC(=O)[C@@H](C)CC,HMGCR,758662.0
1191,Lovastatin,DB00227,53232.0,46508223.0,[H][C@]12[C@H](C[C@@H](C)C=C1C=C[C@H](C)[C@@H]2CC[C@@H]1C[C@@H](O)CC(=O)O1)OC(=O)[C@@H](C)CC,HMGCR,779704.0
1192,Lovastatin,DB00227,53232.0,46508223.0,[H][C@]12[C@H](C[C@@H](C)C=C1C=C[C@H](C)[C@@H]2CC[C@@H]1C[C@@H](O)CC(=O)O1)OC(=O)[C@@H](C)CC,ITGAL,633781.0
1193,Lovastatin,DB00227,53232.0,46508223.0,[H][C@]12[C@H](C[C@@H](C)C=C1C=C[C@H](C)[C@@H]2CC[C@@H]1C[C@@H](O)CC(=O)O1)OC(=O)[C@@H](C)CC,ITGAL,758662.0
1194,Lovastatin,DB00227,53232.0,46508223.0,[H][C@]12[C@H](C[C@@H](C)C=C1C=C[C@H](C)[C@@H]2CC[C@@H]1C[C@@H](O)CC(=O)O1)OC(=O)[C@@H](C)CC,ITGAL,779704.0
1195,Lovastatin,DB00227,53232.0,46508223.0,[H][C@]12[C@H](C[C@@H](C)C=C1C=C[C@H](C)[C@@H]2CC[C@@H]1C[C@@H](O)CC(=O)O1)OC(=O)[C@@H](C)CC,HDAC2,633781.0
1196,Lovastatin,DB00227,53232.0,46508223.0,[H][C@]12[C@H](C[C@@H](C)C=C1C=C[C@H](C)[C@@H]2CC[C@@H]1C[C@@H](O)CC(=O)O1)OC(=O)[C@@H](C)CC,HDAC2,758662.0
1197,Lovastatin,DB00227,53232.0,46508223.0,[H][C@]12[C@H](C[C@@H](C)C=C1C=C[C@H](C)[C@@H]2CC[C@@H]1C[C@@H](O)CC(=O)O1)OC(=O)[C@@H](C)CC,HDAC2,779704.0
1357,Carmustine,DB00262,2578.0,46506980.0,ClCCNC(=O)N(CCCl)N=O,GSR,409962.0
1395,Amsacrine,DB00276,2179.0,46507539.0,COC1=C(NC2=C3C=CC=CC3=NC3=CC=CC=C23)C=CC(NS(C)(=O)=O)=C1,TOP2A,249992.0
1396,Amsacrine,DB00276,2179.0,46507539.0,COC1=C(NC2=C3C=CC=CC3=NC3=CC=CC=C23)C=CC(NS(C)(=O)=O)=C1,KCNH2,249992.0
1397,Amsacrine,DB00276,2179.0,46507539.0,COC1=C(NC2=C3C=CC=CC3=NC3=CC=CC=C23)C=CC(NS(C)(=O)=O)=C1,ORM1,249992.0
1398,Amsacrine,DB00276,2179.0,46507539.0,COC1=C(NC2=C3C=CC=CC3=NC3=CC=CC=C23)C=CC(NS(C)(=O)=O)=C1,ALB,249992.0
1555,Gefitinib,DB00317,123631.0,46508649.0,COC1=C(OCCCN2CCOCC2)C=C2C(NC3=CC(Cl)=C(F)C=C3)=NC=NC2=C1,EGFR,715055.0
1556,Gefitinib,DB00317,123631.0,46508649.0,COC1=C(OCCCN2CCOCC2)C=C2C(NC3=CC(Cl)=C(F)C=C3)=NC=NC2=C1,EGFR,759856.0
1691,Megestrol acetate,DB00351,11683.0,46505827.0,[H][C@@]12CC[C@](OC(C)=O)(C(C)=O)[C@@]1(C)CC[C@@]1([H])[C@@]2([H])C=C(C)C2=CC(=O)CC[C@]12C,PGR,71423.0
1692,Megestrol acetate,DB00351,11683.0,46505827.0,[H][C@@]12CC[C@](OC(C)=O)(C(C)=O)[C@@]1(C)CC[C@@]1([H])[C@@]2([H])C=C(C)C2=CC(=O)CC[C@]12C,NR3C1,71423.0
1795,Dexrazoxane,DB00380,71384.0,46505982.0,C[C@@H](CN1CC(=O)NC(=O)C1)N1CC(=O)NC(=O)C1,TOP2A,169780.0
1796,Dexrazoxane,DB00380,71384.0,46505982.0,C[C@@H](CN1CC(=O)NC(=O)C1)N1CC(=O)NC(=O)C1,TOP2B,169780.0
1872,Zoledronic acid,DB00399,68740.0,46507310.0,OC(CN1C=CN=C1)(P(O)(O)=O)P(O)(O)=O,GGPS1,721517.0
1873,Zoledronic acid,DB00399,68740.0,46507310.0,OC(CN1C=CN=C1)(P(O)(O)=O)P(O)(O)=O,FDPS,721517.0
2045,Allopurinol,DB00437,2094.0,46508516.0,OC1=NC=NC2=C1C=NN2,XDH,1390.0
2057,Teniposide,DB00444,452548.0,46507536.0,[H][C@]12COC(=O)[C@]1([H])[C@H](C1=CC(OC)=C(O)C(OC)=C1)C1=C(C=C3OCOC3=C1)[C@H]2O[C@]1([H])O[C@]2([H])CO[C@H](O[C@@]2([H])[C@H](O)[C@H]1O)C1=CC=CS1,TOP2A,758255.0
2214,Raloxifene,DB00481,5035.0,46506514.0,OC1=CC=C(C=C1)C1=C(C(=O)C2=CC=C(OCCN3CCCCC3)C=C2)C2=C(S1)C=C(O)C=C2,ESR1,747974.0
2215,Raloxifene,DB00481,5035.0,46506514.0,OC1=CC=C(C=C1)C1=C(C(=O)C2=CC=C(OCCN3CCCCC3)C=C2)C2=C(S1)C=C(O)C=C2,ESR2,747974.0
2216,Raloxifene,DB00481,5035.0,46506514.0,OC1=CC=C(C=C1)C1=C(C(=O)C2=CC=C(OCCN3CCCCC3)C=C2)C2=C(S1)C=C(O)C=C2,SERPINB9,747974.0
2217,Raloxifene,DB00481,5035.0,46506514.0,OC1=CC=C(C=C1)C1=C(C(=O)C2=CC=C(OCCN3CCCCC3)C=C2)C2=C(S1)C=C(O)C=C2,TFF1,747974.0
2218,Celecoxib,DB00482,2662.0,46505596.0,CC1=CC=C(C=C1)C1=CC(=NN1C1=CC=C(C=C1)S(N)(=O)=O)C(F)(F)F,PTGS2,719627.0
2219,Celecoxib,DB00482,2662.0,46505596.0,CC1=CC=C(C=C1)C1=CC(=NN1C1=CC=C(C=C1)S(N)(=O)=O)C(F)(F)F,CA2,719627.0
2220,Celecoxib,DB00482,2662.0,46505596.0,CC1=CC=C(C=C1)C1=CC(=NN1C1=CC=C(C=C1)S(N)(=O)=O)C(F)(F)F,CA3,719627.0
2221,Celecoxib,DB00482,2662.0,46505596.0,CC1=CC=C(C=C1)C1=CC(=NN1C1=CC=C(C=C1)S(N)(=O)=O)C(F)(F)F,CDH11,719627.0
2222,Celecoxib,DB00482,2662.0,46505596.0,CC1=CC=C(C=C1)C1=CC(=NN1C1=CC=C(C=C1)S(N)(=O)=O)C(F)(F)F,PDPK1,719627.0
2223,Celecoxib,DB00482,2662.0,46505596.0,CC1=CC=C(C=C1)C1=CC(=NN1C1=CC=C(C=C1)S(N)(=O)=O)C(F)(F)F,NEU1,719627.0
2373,Cyclophosphamide,DB00531,2907.0,46505441.0,ClCCN(CCCl)P1(=O)NCCCO1,NR1I2,26271.0
2436,Fluorouracil,DB00544,3385.0,46508557.0,FC1=CNC(=O)NC1=O,TYMS,19893.0
2437,Fluorouracil,DB00544,3385.0,46508557.0,FC1=CNC(=O)NC1=O,TYMS,757036.0
2489,Methotrexate,DB00563,126941.0,46507678.0,CN(CC1=CN=C2N=C(N)N=C(N)C2=N1)C1=CC=C(C=C1)C(=O)N[C@@H](CCC(O)=O)C(O)=O,TYMS,740.0
2490,Methotrexate,DB00563,126941.0,46507678.0,CN(CC1=CN=C2N=C(N)N=C(N)C2=N1)C1=CC=C(C=C1)C(=O)N[C@@H](CCC(O)=O)C(O)=O,ATIC,740.0
2491,Methotrexate,DB00563,126941.0,46507678.0,CN(CC1=CN=C2N=C(N)N=C(N)C2=N1)C1=CC=C(C=C1)C(=O)N[C@@H](CCC(O)=O)C(O)=O,DHFR,740.0
2764,Simvastatin,DB00641,54454.0,46508654.0,[H][C@]12[C@H](C[C@@H](C)C=C1C=C[C@H](C)[C@@H]2CC[C@@H]1C[C@@H](O)CC(=O)O1)OC(=O)C(C)(C)CC,HMGCR,633782.0
2765,Simvastatin,DB00641,54454.0,46508654.0,[H][C@]12[C@H](C[C@@H](C)C=C1C=C[C@H](C)[C@@H]2CC[C@@H]1C[C@@H](O)CC(=O)O1)OC(=O)C(C)(C)CC,HMGCR,758706.0
2766,Simvastatin,DB00641,54454.0,46508654.0,[H][C@]12[C@H](C[C@@H](C)C=C1C=C[C@H](C)[C@@H]2CC[C@@H]1C[C@@H](O)CC(=O)O1)OC(=O)C(C)(C)CC,ITGAL,633782.0
2767,Simvastatin,DB00641,54454.0,46508654.0,[H][C@]12[C@H](C[C@@H](C)C=C1C=C[C@H](C)[C@@H]2CC[C@@H]1C[C@@H](O)CC(=O)O1)OC(=O)C(C)(C)CC,ITGAL,758706.0
2768,Simvastatin,DB00641,54454.0,46508654.0,[H][C@]12[C@H](C[C@@H](C)C=C1C=C[C@H](C)[C@@H]2CC[C@@H]1C[C@@H](O)CC(=O)O1)OC(=O)C(C)(C)CC,HDAC2,633782.0
2769,Simvastatin,DB00641,54454.0,46508654.0,[H][C@]12[C@H](C[C@@H](C)C=C1C=C[C@H](C)[C@@H]2CC[C@@H]1C[C@@H](O)CC(=O)O1)OC(=O)C(C)(C)CC,HDAC2,758706.0
2786,Mitotane,DB00648,4211.0,46508319.0,ClC(Cl)C(C1=CC=C(Cl)C=C1)C1=CC=CC=C1Cl,CYP11B1,38721.0
2787,Mitotane,DB00648,4211.0,46508319.0,ClC(Cl)C(C1=CC=C(Cl)C=C1)C1=CC=CC=C1Cl,ESR1,38721.0
2788,Mitotane,DB00648,4211.0,46508319.0,ClC(Cl)C(C1=CC=C(Cl)C=C1)C1=CC=CC=C1Cl,PGR,38721.0
2789,Mitotane,DB00648,4211.0,46508319.0,ClC(Cl)C(C1=CC=C(Cl)C=C1)C1=CC=CC=C1Cl,AR,38721.0
2790,Mitotane,DB00648,4211.0,46508319.0,ClC(Cl)C(C1=CC=C(Cl)C=C1)C1=CC=CC=C1Cl,FDX1,38721.0
2902,Daunorubicin,DB00694,30323.0,46508433.0,COC1=CC=CC2=C1C(=O)C1=C(O)C3=C(C[C@](O)(C[C@@H]3O[C@H]3C[C@H](N)[C@H](O)[C@H](C)O3)C(C)=O)C(O)=C1C2=O,TOP2A,756717.0
2903,Daunorubicin,DB00694,30323.0,46508433.0,COC1=CC=CC2=C1C(=O)C1=C(O)C3=C(C[C@](O)(C[C@@H]3O[C@H]3C[C@H](N)[C@H](O)[C@H](C)O3)C(C)=O)C(O)=C1C2=O,TOP2B,756717.0
3020,Imiquimod,DB00724,57469.0,46505394.0,CC(C)CN1C=NC2=C1C1=C(C=CC=C1)N=C2N,TLR7,369100.0
3118,Tretinoin,DB00755,5538.0,46504843.0,C\C(\C=C\C1=C(C)CCCC1(C)C)=C/C=C/C(/C)=C/C(O)=O,RXRB,122758.0
3119,Tretinoin,DB00755,5538.0,46504843.0,C\C(\C=C\C1=C(C)CCCC1(C)C)=C/C=C/C(/C)=C/C(O)=O,RXRG,122758.0
3120,Tretinoin,DB00755,5538.0,46504843.0,C\C(\C=C\C1=C(C)CCCC1(C)C)=C/C=C/C(/C)=C/C(O)=O,RARG,122758.0
3121,Tretinoin,DB00755,5538.0,46504843.0,C\C(\C=C\C1=C(C)CCCC1(C)C)=C/C=C/C(/C)=C/C(O)=O,ALDH1A1,122758.0
3122,Tretinoin,DB00755,5538.0,46504843.0,C\C(\C=C\C1=C(C)CCCC1(C)C)=C/C=C/C(/C)=C/C(O)=O,GPRC5A,122758.0
3123,Tretinoin,DB00755,5538.0,46504843.0,C\C(\C=C\C1=C(C)CCCC1(C)C)=C/C=C/C(/C)=C/C(O)=O,ALDH1A2,122758.0
3124,Tretinoin,DB00755,5538.0,46504843.0,C\C(\C=C\C1=C(C)CCCC1(C)C)=C/C=C/C(/C)=C/C(O)=O,RARRES1,122758.0
3125,Tretinoin,DB00755,5538.0,46504843.0,C\C(\C=C\C1=C(C)CCCC1(C)C)=C/C=C/C(/C)=C/C(O)=O,RARA,122758.0
3126,Tretinoin,DB00755,5538.0,46504843.0,C\C(\C=C\C1=C(C)CCCC1(C)C)=C/C=C/C(/C)=C/C(O)=O,RARB,122758.0
3127,Tretinoin,DB00755,5538.0,46504843.0,C\C(\C=C\C1=C(C)CCCC1(C)C)=C/C=C/C(/C)=C/C(O)=O,LCN1,122758.0
3129,Tretinoin,DB00755,5538.0,46504843.0,C\C(\C=C\C1=C(C)CCCC1(C)C)=C/C=C/C(/C)=C/C(O)=O,RBP4,122758.0
3130,Tretinoin,DB00755,5538.0,46504843.0,C\C(\C=C\C1=C(C)CCCC1(C)C)=C/C=C/C(/C)=C/C(O)=O,PDK4,122758.0
3131,Tretinoin,DB00755,5538.0,46504843.0,C\C(\C=C\C1=C(C)CCCC1(C)C)=C/C=C/C(/C)=C/C(O)=O,RXRA,122758.0
3132,Tretinoin,DB00755,5538.0,46504843.0,C\C(\C=C\C1=C(C)CCCC1(C)C)=C/C=C/C(/C)=C/C(O)=O,CYP26A1,122758.0
3133,Tretinoin,DB00755,5538.0,46504843.0,C\C(\C=C\C1=C(C)CCCC1(C)C)=C/C=C/C(/C)=C/C(O)=O,CYP26B1,122758.0
3134,Tretinoin,DB00755,5538.0,46504843.0,C\C(\C=C\C1=C(C)CCCC1(C)C)=C/C=C/C(/C)=C/C(O)=O,CYP26C1,122758.0
3135,Tretinoin,DB00755,5538.0,46504843.0,C\C(\C=C\C1=C(C)CCCC1(C)C)=C/C=C/C(/C)=C/C(O)=O,HPGDS,122758.0
3157,Irinotecan,DB00762,60838.0,46505871.0,CCC1=C2CN3C(=CC4=C(COC(=O)[C@]4(O)CC)C3=O)C2=NC2=CC=C(OC(=O)N3CCC(CC3)N3CCCCC3)C=C12,TOP1MT,728073.0
3158,Irinotecan,DB00762,60838.0,46505871.0,CCC1=C2CN3C(=CC4=C(COC(=O)[C@]4(O)CC)C3=O)C2=NC2=CC=C(OC(=O)N3CCC(CC3)N3CCCCC3)C=C12,TOP1,728073.0
3446,Dacarbazine,DB00851,5351166.0,46507029.0,CN(C)\N=N\C1=C(N=CN1)C(N)=O,POLA2,45388.0
3447,Dacarbazine,DB00851,5351166.0,46507029.0,CN(C)\N=N\C1=C(N=CN1)C(N)=O,PGD,45388.0
3541,Testolactone,DB00894,13769.0,46508076.0,[H][C@@]12CCC3=CC(=O)C=C[C@]3(C)[C@@]1([H])CC[C@]1(C)OC(=O)CC[C@@]21[H],CYP19A1,23759.0
3724,Azacitidine,DB00928,9444.0,46509032.0,NC1=NC(=O)N(C=N1)[C@@H]1O[C@H](CO)[C@@H](O)[C@H]1O,DNMT1,758186.0
3877,Nandrolone phenpropionate,DB00984,229455.0,46506276.0,[H][C@@]12CC[C@H](OC(=O)CCC3=CC=CC=C3)[C@@]1(C)CC[C@]1([H])[C@@]3([H])CCC(=O)C=C3CC[C@@]21[H],AR,23162.0
3935,Hydroxyurea,DB01005,3657.0,46506927.0,NC(=O)NO,RRM1,32065.0
4003,Mycophenolic acid,DB01024,446541.0,46504559.0,COC1=C(C\C=C(/C)CCC(O)=O)C(O)=C2C(=O)OCC2=C1C,IMPDH2,757424.0
4005,Mycophenolic acid,DB01024,446541.0,46504559.0,COC1=C(C\C=C(/C)CCC(O)=O)C(O)=C2C(=O)OCC2=C1C,IMPDH1,757424.0
4034,Mercaptopurine,DB01033,667490.0,46506988.0,S=C1N=CNC2=C1NC=N2,HPRT1,755.0
4035,Mercaptopurine,DB01033,667490.0,46506988.0,S=C1N=CNC2=C1NC=N2,HPRT1,759614.0
4036,Mercaptopurine,DB01033,667490.0,46506988.0,S=C1N=CNC2=C1NC=N2,PPAT,755.0
4037,Mercaptopurine,DB01033,667490.0,46506988.0,S=C1N=CNC2=C1NC=N2,PPAT,759614.0
4038,Mercaptopurine,DB01033,667490.0,46506988.0,S=C1N=CNC2=C1NC=N2,IMPDH1,755.0
4039,Mercaptopurine,DB01033,667490.0,46506988.0,S=C1N=CNC2=C1NC=N2,IMPDH1,759614.0
4222,Leflunomide,DB01097,3899.0,46506013.0,CC1=C(C=NO1)C(=O)NC1=CC=C(C=C1)C(F)(F)F,DHODH,677411.0
4223,Leflunomide,DB01097,3899.0,46506013.0,CC1=C(C=NO1)C(=O)NC1=CC=C(C=C1)C(F)(F)F,AHR,677411.0
4224,Leflunomide,DB01097,3899.0,46506013.0,CC1=C(C=NO1)C(=O)NC1=CC=C(C=C1)C(F)(F)F,PTK2B,677411.0
4530,Ifosfamide,DB01181,3690.0,46508335.0,ClCCNP1(=O)OCCCN1CCCl,NR1I2,109724.0
4587,Estramustine,DB01196,259331.0,46508765.0,[H][C@@]12CC[C@H](O)[C@@]1(C)CC[C@]1([H])C3=CC=C(OC(=O)N(CCCl)CCCl)C=C3CC[C@@]21[H],ESR2,89201.0
4588,Estramustine,DB01196,259331.0,46508765.0,[H][C@@]12CC[C@H](O)[C@@]1(C)CC[C@]1([H])C3=CC=C(OC(=O)N(CCCl)CCCl)C=C3CC[C@@]21[H],ESR1,89201.0
4589,Estramustine,DB01196,259331.0,46508765.0,[H][C@@]12CC[C@H](O)[C@@]1(C)CC[C@]1([H])C3=CC=C(OC(=O)N(CCCl)CCCl)C=C3CC[C@@]21[H],MAP2,89201.0
4590,Estramustine,DB01196,259331.0,46508765.0,[H][C@@]12CC[C@H](O)[C@@]1(C)CC[C@]1([H])C3=CC=C(OC(=O)N(CCCl)CCCl)C=C3CC[C@@]21[H],MAP1A,89201.0
4628,Mitoxantrone,DB01204,4212.0,46504608.0,OCCNCCNC1=CC=C(NCCNCCO)C2=C1C(=O)C1=C(C(O)=CC=C1O)C2=O,TOP2A,279836.0
4632,Lomustine,DB01206,3950.0,46506562.0,ClCCN(N=O)C(=O)NC1CCCCC1,STMN4,79037.0
4722,Paclitaxel,DB01229,36314.0,46506910.0,[H][C@]12[C@H](OC(=O)C3=CC=CC=C3)[C@]3(O)C[C@H](OC(=O)[C@H](O)[C@@H](NC(=O)C4=CC=CC=C4)C4=CC=CC=C4)C(C)=C([C@@H](OC(C)=O)C(=O)[C@]1(C)[C@@H](O)C[C@H]1OC[C@@]21OC(C)=O)C3(C)C,TUBB1,125973.0
4723,Paclitaxel,DB01229,36314.0,46506910.0,[H][C@]12[C@H](OC(=O)C3=CC=CC=C3)[C@]3(O)C[C@H](OC(=O)[C@H](O)[C@@H](NC(=O)C4=CC=CC=C4)C4=CC=CC=C4)C(C)=C([C@@H](OC(C)=O)C(=O)[C@]1(C)[C@@H](O)C[C@H]1OC[C@@]21OC(C)=O)C3(C)C,BCL2,125973.0
4724,Paclitaxel,DB01229,36314.0,46506910.0,[H][C@]12[C@H](OC(=O)C3=CC=CC=C3)[C@]3(O)C[C@H](OC(=O)[C@H](O)[C@@H](NC(=O)C4=CC=CC=C4)C4=CC=CC=C4)C(C)=C([C@@H](OC(C)=O)C(=O)[C@]1(C)[C@@H](O)C[C@H]1OC[C@@]21OC(C)=O)C3(C)C,MAP4,125973.0
4725,Paclitaxel,DB01229,36314.0,46506910.0,[H][C@]12[C@H](OC(=O)C3=CC=CC=C3)[C@]3(O)C[C@H](OC(=O)[C@H](O)[C@@H](NC(=O)C4=CC=CC=C4)C4=CC=CC=C4)C(C)=C([C@@H](OC(C)=O)C(=O)[C@]1(C)[C@@H](O)C[C@H]1OC[C@@]21OC(C)=O)C3(C)C,MAP2,125973.0
4726,Paclitaxel,DB01229,36314.0,46506910.0,[H][C@]12[C@H](OC(=O)C3=CC=CC=C3)[C@]3(O)C[C@H](OC(=O)[C@H](O)[C@@H](NC(=O)C4=CC=CC=C4)C4=CC=CC=C4)C(C)=C([C@@H](OC(C)=O)C(=O)[C@]1(C)[C@@H](O)C[C@H]1OC[C@@]21OC(C)=O)C3(C)C,MAPT,125973.0
4727,Paclitaxel,DB01229,36314.0,46506910.0,[H][C@]12[C@H](OC(=O)C3=CC=CC=C3)[C@]3(O)C[C@H](OC(=O)[C@H](O)[C@@H](NC(=O)C4=CC=CC=C4)C4=CC=CC=C4)C(C)=C([C@@H](OC(C)=O)C(=O)[C@]1(C)[C@@H](O)C[C@H]1OC[C@@]21OC(C)=O)C3(C)C,NR1I2,125973.0
4736,Dexamethasone,DB01234,5743.0,46508930.0,[H][C@@]12C[C@@H](C)[C@](O)(C(=O)CO)[C@@]1(C)C[C@H](O)[C@@]1(F)[C@@]2([H])CCC2=CC(=O)C=C[C@]12C,NR3C1,34521.0
4737,Dexamethasone,DB01234,5743.0,46508930.0,[H][C@@]12C[C@@H](C)[C@](O)(C(=O)CO)[C@@]1(C)C[C@H](O)[C@@]1(F)[C@@]2([H])CCC2=CC(=O)C=C[C@]12C,NR0B1,34521.0
4738,Dexamethasone,DB01234,5743.0,46508930.0,[H][C@@]12C[C@@H](C)[C@](O)(C(=O)CO)[C@@]1(C)C[C@H](O)[C@@]1(F)[C@@]2([H])CCC2=CC(=O)C=C[C@]12C,ANXA1,34521.0
4739,Dexamethasone,DB01234,5743.0,46508930.0,[H][C@@]12C[C@@H](C)[C@](O)(C(=O)CO)[C@@]1(C)C[C@H](O)[C@@]1(F)[C@@]2([H])CCC2=CC(=O)C=C[C@]12C,NOS2,34521.0
4740,Dexamethasone,DB01234,5743.0,46508930.0,[H][C@@]12C[C@@H](C)[C@](O)(C(=O)CO)[C@@]1(C)C[C@H](O)[C@@]1(F)[C@@]2([H])CCC2=CC(=O)C=C[C@]12C,NR1I2,34521.0
4833,Docetaxel,DB01248,148124.0,46506766.0,[H][C@@]1(C[C@@]2(O)[C@@H](OC(=O)C3=CC=CC=C3)[C@]3([H])[C@@]4(CO[C@@H]4C[C@H](O)[C@@]3(C)C(=O)[C@H](O)C(=C1C)C2(C)C)OC(C)=O)OC(=O)[C@H](O)[C@@H](NC(=O)OC(C)(C)C)C1=CC=CC=C1,TUBB1,628503.0
4834,Docetaxel,DB01248,148124.0,46506766.0,[H][C@@]1(C[C@@]2(O)[C@@H](OC(=O)C3=CC=CC=C3)[C@]3([H])[C@@]4(CO[C@@H]4C[C@H](O)[C@@]3(C)C(=O)[C@H](O)C(=C1C)C2(C)C)OC(C)=O)OC(=O)[C@H](O)[C@@H](NC(=O)OC(C)(C)C)C1=CC=CC=C1,MAP2,628503.0
4835,Docetaxel,DB01248,148124.0,46506766.0,[H][C@@]1(C[C@@]2(O)[C@@H](OC(=O)C3=CC=CC=C3)[C@]3([H])[C@@]4(CO[C@@H]4C[C@H](O)[C@@]3(C)C(=O)[C@H](O)C(=C1C)C2(C)C)OC(C)=O)OC(=O)[C@H](O)[C@@H](NC(=O)OC(C)(C)C)C1=CC=CC=C1,MAP4,628503.0
4836,Docetaxel,DB01248,148124.0,46506766.0,[H][C@@]1(C[C@@]2(O)[C@@H](OC(=O)C3=CC=CC=C3)[C@]3([H])[C@@]4(CO[C@@H]4C[C@H](O)[C@@]3(C)C(=O)[C@H](O)C(=C1C)C2(C)C)OC(C)=O)OC(=O)[C@H](O)[C@@H](NC(=O)OC(C)(C)C)C1=CC=CC=C1,MAPT,628503.0
4837,Docetaxel,DB01248,148124.0,46506766.0,[H][C@@]1(C[C@@]2(O)[C@@H](OC(=O)C3=CC=CC=C3)[C@]3([H])[C@@]4(CO[C@@H]4C[C@H](O)[C@@]3(C)C(=O)[C@H](O)C(=C1C)C2(C)C)OC(C)=O)OC(=O)[C@H](O)[C@@H](NC(=O)OC(C)(C)C)C1=CC=CC=C1,BCL2,628503.0
4838,Docetaxel,DB01248,148124.0,46506766.0,[H][C@@]1(C[C@@]2(O)[C@@H](OC(=O)C3=CC=CC=C3)[C@]3([H])[C@@]4(CO[C@@H]4C[C@H](O)[C@@]3(C)C(=O)[C@H](O)C(=C1C)C2(C)C)OC(C)=O)OC(=O)[C@H](O)[C@@H](NC(=O)OC(C)(C)C)C1=CC=CC=C1,NR1I2,628503.0
4846,Dasatinib,DB01254,3062316.0,46505143.0,CC1=NC(NC2=NC=C(S2)C(=O)NC2=C(C)C=CC=C2Cl)=CC(=N1)N1CCN(CCO)CC1,ABL1,732517.0
4847,Dasatinib,DB01254,3062316.0,46505143.0,CC1=NC(NC2=NC=C(S2)C(=O)NC2=C(C)C=CC=C2Cl)=CC(=N1)N1CCN(CCO)CC1,ABL1,759877.0
4849,Dasatinib,DB01254,3062316.0,46505143.0,CC1=NC(NC2=NC=C(S2)C(=O)NC2=C(C)C=CC=C2Cl)=CC(=N1)N1CCN(CCO)CC1,SRC,732517.0
4850,Dasatinib,DB01254,3062316.0,46505143.0,CC1=NC(NC2=NC=C(S2)C(=O)NC2=C(C)C=CC=C2Cl)=CC(=N1)N1CCN(CCO)CC1,SRC,759877.0
4852,Dasatinib,DB01254,3062316.0,46505143.0,CC1=NC(NC2=NC=C(S2)C(=O)NC2=C(C)C=CC=C2Cl)=CC(=N1)N1CCN(CCO)CC1,EPHA2,732517.0
4853,Dasatinib,DB01254,3062316.0,46505143.0,CC1=NC(NC2=NC=C(S2)C(=O)NC2=C(C)C=CC=C2Cl)=CC(=N1)N1CCN(CCO)CC1,EPHA2,759877.0
4855,Dasatinib,DB01254,3062316.0,46505143.0,CC1=NC(NC2=NC=C(S2)C(=O)NC2=C(C)C=CC=C2Cl)=CC(=N1)N1CCN(CCO)CC1,LCK,732517.0
4856,Dasatinib,DB01254,3062316.0,46505143.0,CC1=NC(NC2=NC=C(S2)C(=O)NC2=C(C)C=CC=C2Cl)=CC(=N1)N1CCN(CCO)CC1,LCK,759877.0
4858,Dasatinib,DB01254,3062316.0,46505143.0,CC1=NC(NC2=NC=C(S2)C(=O)NC2=C(C)C=CC=C2Cl)=CC(=N1)N1CCN(CCO)CC1,YES1,732517.0
4859,Dasatinib,DB01254,3062316.0,46505143.0,CC1=NC(NC2=NC=C(S2)C(=O)NC2=C(C)C=CC=C2Cl)=CC(=N1)N1CCN(CCO)CC1,YES1,759877.0
4861,Dasatinib,DB01254,3062316.0,46505143.0,CC1=NC(NC2=NC=C(S2)C(=O)NC2=C(C)C=CC=C2Cl)=CC(=N1)N1CCN(CCO)CC1,KIT,732517.0
4862,Dasatinib,DB01254,3062316.0,46505143.0,CC1=NC(NC2=NC=C(S2)C(=O)NC2=C(C)C=CC=C2Cl)=CC(=N1)N1CCN(CCO)CC1,KIT,759877.0
4864,Dasatinib,DB01254,3062316.0,46505143.0,CC1=NC(NC2=NC=C(S2)C(=O)NC2=C(C)C=CC=C2Cl)=CC(=N1)N1CCN(CCO)CC1,PDGFRB,732517.0
4865,Dasatinib,DB01254,3062316.0,46505143.0,CC1=NC(NC2=NC=C(S2)C(=O)NC2=C(C)C=CC=C2Cl)=CC(=N1)N1CCN(CCO)CC1,PDGFRB,759877.0
4867,Dasatinib,DB01254,3062316.0,46505143.0,CC1=NC(NC2=NC=C(S2)C(=O)NC2=C(C)C=CC=C2Cl)=CC(=N1)N1CCN(CCO)CC1,STAT5B,732517.0
4868,Dasatinib,DB01254,3062316.0,46505143.0,CC1=NC(NC2=NC=C(S2)C(=O)NC2=C(C)C=CC=C2Cl)=CC(=N1)N1CCN(CCO)CC1,STAT5B,759877.0
4870,Dasatinib,DB01254,3062316.0,46505143.0,CC1=NC(NC2=NC=C(S2)C(=O)NC2=C(C)C=CC=C2Cl)=CC(=N1)N1CCN(CCO)CC1,ABL2,732517.0
4871,Dasatinib,DB01254,3062316.0,46505143.0,CC1=NC(NC2=NC=C(S2)C(=O)NC2=C(C)C=CC=C2Cl)=CC(=N1)N1CCN(CCO)CC1,ABL2,759877.0
4873,Dasatinib,DB01254,3062316.0,46505143.0,CC1=NC(NC2=NC=C(S2)C(=O)NC2=C(C)C=CC=C2Cl)=CC(=N1)N1CCN(CCO)CC1,FYN,732517.0
4874,Dasatinib,DB01254,3062316.0,46505143.0,CC1=NC(NC2=NC=C(S2)C(=O)NC2=C(C)C=CC=C2Cl)=CC(=N1)N1CCN(CCO)CC1,FYN,759877.0
4876,Dasatinib,DB01254,3062316.0,46505143.0,CC1=NC(NC2=NC=C(S2)C(=O)NC2=C(C)C=CC=C2Cl)=CC(=N1)N1CCN(CCO)CC1,BTK,732517.0
4877,Dasatinib,DB01254,3062316.0,46505143.0,CC1=NC(NC2=NC=C(S2)C(=O)NC2=C(C)C=CC=C2Cl)=CC(=N1)N1CCN(CCO)CC1,BTK,759877.0
4879,Dasatinib,DB01254,3062316.0,46505143.0,CC1=NC(NC2=NC=C(S2)C(=O)NC2=C(C)C=CC=C2Cl)=CC(=N1)N1CCN(CCO)CC1,NR4A3,732517.0
4880,Dasatinib,DB01254,3062316.0,46505143.0,CC1=NC(NC2=NC=C(S2)C(=O)NC2=C(C)C=CC=C2Cl)=CC(=N1)N1CCN(CCO)CC1,NR4A3,759877.0
4882,Dasatinib,DB01254,3062316.0,46505143.0,CC1=NC(NC2=NC=C(S2)C(=O)NC2=C(C)C=CC=C2Cl)=CC(=N1)N1CCN(CCO)CC1,BCR,732517.0
4883,Dasatinib,DB01254,3062316.0,46505143.0,CC1=NC(NC2=NC=C(S2)C(=O)NC2=C(C)C=CC=C2Cl)=CC(=N1)N1CCN(CCO)CC1,BCR,759877.0
4885,Dasatinib,DB01254,3062316.0,46505143.0,CC1=NC(NC2=NC=C(S2)C(=O)NC2=C(C)C=CC=C2Cl)=CC(=N1)N1CCN(CCO)CC1,CSK,732517.0
4886,Dasatinib,DB01254,3062316.0,46505143.0,CC1=NC(NC2=NC=C(S2)C(=O)NC2=C(C)C=CC=C2Cl)=CC(=N1)N1CCN(CCO)CC1,CSK,759877.0
4888,Dasatinib,DB01254,3062316.0,46505143.0,CC1=NC(NC2=NC=C(S2)C(=O)NC2=C(C)C=CC=C2Cl)=CC(=N1)N1CCN(CCO)CC1,EPHA5,732517.0
4889,Dasatinib,DB01254,3062316.0,46505143.0,CC1=NC(NC2=NC=C(S2)C(=O)NC2=C(C)C=CC=C2Cl)=CC(=N1)N1CCN(CCO)CC1,EPHA5,759877.0
4891,Dasatinib,DB01254,3062316.0,46505143.0,CC1=NC(NC2=NC=C(S2)C(=O)NC2=C(C)C=CC=C2Cl)=CC(=N1)N1CCN(CCO)CC1,EPHB4,732517.0
4892,Dasatinib,DB01254,3062316.0,46505143.0,CC1=NC(NC2=NC=C(S2)C(=O)NC2=C(C)C=CC=C2Cl)=CC(=N1)N1CCN(CCO)CC1,EPHB4,759877.0
4894,Dasatinib,DB01254,3062316.0,46505143.0,CC1=NC(NC2=NC=C(S2)C(=O)NC2=C(C)C=CC=C2Cl)=CC(=N1)N1CCN(CCO)CC1,FGR,732517.0
4895,Dasatinib,DB01254,3062316.0,46505143.0,CC1=NC(NC2=NC=C(S2)C(=O)NC2=C(C)C=CC=C2Cl)=CC(=N1)N1CCN(CCO)CC1,FGR,759877.0
4897,Dasatinib,DB01254,3062316.0,46505143.0,CC1=NC(NC2=NC=C(S2)C(=O)NC2=C(C)C=CC=C2Cl)=CC(=N1)N1CCN(CCO)CC1,FRK,732517.0
4898,Dasatinib,DB01254,3062316.0,46505143.0,CC1=NC(NC2=NC=C(S2)C(=O)NC2=C(C)C=CC=C2Cl)=CC(=N1)N1CCN(CCO)CC1,FRK,759877.0
4903,Dasatinib,DB01254,3062316.0,46505143.0,CC1=NC(NC2=NC=C(S2)C(=O)NC2=C(C)C=CC=C2Cl)=CC(=N1)N1CCN(CCO)CC1,LYN,732517.0
4904,Dasatinib,DB01254,3062316.0,46505143.0,CC1=NC(NC2=NC=C(S2)C(=O)NC2=C(C)C=CC=C2Cl)=CC(=N1)N1CCN(CCO)CC1,LYN,759877.0
4909,Dasatinib,DB01254,3062316.0,46505143.0,CC1=NC(NC2=NC=C(S2)C(=O)NC2=C(C)C=CC=C2Cl)=CC(=N1)N1CCN(CCO)CC1,MAPK14,732517.0
4910,Dasatinib,DB01254,3062316.0,46505143.0,CC1=NC(NC2=NC=C(S2)C(=O)NC2=C(C)C=CC=C2Cl)=CC(=N1)N1CCN(CCO)CC1,MAPK14,759877.0
4912,Dasatinib,DB01254,3062316.0,46505143.0,CC1=NC(NC2=NC=C(S2)C(=O)NC2=C(C)C=CC=C2Cl)=CC(=N1)N1CCN(CCO)CC1,PPAT,732517.0
4913,Dasatinib,DB01254,3062316.0,46505143.0,CC1=NC(NC2=NC=C(S2)C(=O)NC2=C(C)C=CC=C2Cl)=CC(=N1)N1CCN(CCO)CC1,PPAT,759877.0
4918,Lapatinib,DB01259,208908.0,46507141.0,CS(=O)(=O)CCNCC1=CC=C(O1)C1=CC2=C(C=C1)N=CN=C2NC1=CC(Cl)=C(OCC2=CC(F)=CC=C2)C=C1,EGFR,745750.0
4920,Lapatinib,DB01259,208908.0,46507141.0,CS(=O)(=O)CCNCC1=CC=C(O1)C1=CC2=C(C=C1)N=CN=C2NC1=CC(Cl)=C(OCC2=CC(F)=CC=C2)C=C1,ERBB2,745750.0
4946,Sunitinib,DB01268,5329102.0,46507140.0,CCN(CC)CCNC(=O)C1=C(C)NC(\C=C2/C(=O)NC3=C2C=C(F)C=C3)=C1C,PDGFRB,750690.0
4948,Sunitinib,DB01268,5329102.0,46507140.0,CCN(CC)CCNC(=O)C1=C(C)NC(\C=C2/C(=O)NC3=C2C=C(F)C=C3)=C1C,FLT1,750690.0
4950,Sunitinib,DB01268,5329102.0,46507140.0,CCN(CC)CCNC(=O)C1=C(C)NC(\C=C2/C(=O)NC3=C2C=C(F)C=C3)=C1C,KIT,750690.0
4952,Sunitinib,DB01268,5329102.0,46507140.0,CCN(CC)CCNC(=O)C1=C(C)NC(\C=C2/C(=O)NC3=C2C=C(F)C=C3)=C1C,KDR,750690.0
4954,Sunitinib,DB01268,5329102.0,46507140.0,CCN(CC)CCNC(=O)C1=C(C)NC(\C=C2/C(=O)NC3=C2C=C(F)C=C3)=C1C,FLT4,750690.0
4956,Sunitinib,DB01268,5329102.0,46507140.0,CCN(CC)CCNC(=O)C1=C(C)NC(\C=C2/C(=O)NC3=C2C=C(F)C=C3)=C1C,FLT3,750690.0
4958,Sunitinib,DB01268,5329102.0,46507140.0,CCN(CC)CCNC(=O)C1=C(C)NC(\C=C2/C(=O)NC3=C2C=C(F)C=C3)=C1C,CSF1R,750690.0
4960,Sunitinib,DB01268,5329102.0,46507140.0,CCN(CC)CCNC(=O)C1=C(C)NC(\C=C2/C(=O)NC3=C2C=C(F)C=C3)=C1C,PDGFRA,750690.0
4962,Sunitinib,DB01268,5329102.0,46507140.0,CCN(CC)CCNC(=O)C1=C(C)NC(\C=C2/C(=O)NC3=C2C=C(F)C=C3)=C1C,MET,750690.0
4987,Nelarabine,DB01280,3011155.0,46506325.0,COC1=NC(N)=NC2=C1N=CN2[C@@H]1O[C@H](CO)[C@@H](O)[C@@H]1O,POLA1,755985.0
5454,Calusterone,DB01564,28204.0,46507441.0,[H][C@@]12CC[C@](C)(O)[C@@]1(C)CC[C@@]1([H])[C@@]2([H])[C@@H](C)CC2=CC(=O)CC[C@]12C,AR,88536.0
5962,Pyrazolanthrone,DB01782,8515.0,46507936.0,O=C1C2=CC=CC3=C2C(=NN3)C2=C1C=CC=C2,MAPK8IP1,755773.0
5964,Pyrazolanthrone,DB01782,8515.0,46507936.0,O=C1C2=CC=CC3=C2C(=NN3)C2=C1C=CC=C2,MAPK8,755773.0
5966,Pyrazolanthrone,DB01782,8515.0,46507936.0,O=C1C2=CC=CC3=C2C(=NN3)C2=C1C=CC=C2,TTK,755773.0
5968,Pyrazolanthrone,DB01782,8515.0,46507936.0,O=C1C2=CC=CC3=C2C(=NN3)C2=C1C=CC=C2,MAPK10,755773.0
6185,7-Hydroxystaurosporine,DB01933,72271.0,46508077.0,[H][C@]12C[C@@H](NC)[C@@H](OC)[C@](C)(O1)N1C3=C(C=CC=C3)C3=C4[C@@H](O)NC(=O)C4=C4C5=C(C=CC=C5)N2C4=C13,PDPK1,638850.0
7202,Vorinostat,DB02546,5311.0,46508989.0,ONC(=O)CCCCCCC(=O)NC1=CC=CC=C1,HDAC1,701852.0
7203,Vorinostat,DB02546,5311.0,46508989.0,ONC(=O)CCCCCCC(=O)NC1=CC=CC=C1,HDAC1,759852.0
7204,Vorinostat,DB02546,5311.0,46508989.0,ONC(=O)CCCCCCC(=O)NC1=CC=CC=C1,HDAC2,701852.0
7205,Vorinostat,DB02546,5311.0,46508989.0,ONC(=O)CCCCCCC(=O)NC1=CC=CC=C1,HDAC2,759852.0
7206,Vorinostat,DB02546,5311.0,46508989.0,ONC(=O)CCCCCCC(=O)NC1=CC=CC=C1,HDAC3,701852.0
7207,Vorinostat,DB02546,5311.0,46508989.0,ONC(=O)CCCCCCC(=O)NC1=CC=CC=C1,HDAC3,759852.0
7208,Vorinostat,DB02546,5311.0,46508989.0,ONC(=O)CCCCCCC(=O)NC1=CC=CC=C1,HDAC6,701852.0
7209,Vorinostat,DB02546,5311.0,46508989.0,ONC(=O)CCCCCCC(=O)NC1=CC=CC=C1,HDAC6,759852.0
7210,Vorinostat,DB02546,5311.0,46508989.0,ONC(=O)CCCCCCC(=O)NC1=CC=CC=C1,HDAC8,701852.0
7211,Vorinostat,DB02546,5311.0,46508989.0,ONC(=O)CCCCCCC(=O)NC1=CC=CC=C1,HDAC8,759852.0
7369,LY-294002,DB02656,3973.0,46504762.0,O=C1C=C(OC2=C1C=CC=C2C1=CC=CC=C1)N1CCOCC1,PIK3CG,697286.0
7370,LY-294002,DB02656,3973.0,46504762.0,O=C1C=C(OC2=C1C=CC=C2C1=CC=CC=C1)N1CCOCC1,PIK3CG,755769.0
7371,LY-294002,DB02656,3973.0,46504762.0,O=C1C=C(OC2=C1C=CC=C2C1=CC=CC=C1)N1CCOCC1,PIM1,697286.0
7372,LY-294002,DB02656,3973.0,46504762.0,O=C1C=C(OC2=C1C=CC=C2C1=CC=CC=C1)N1CCOCC1,PIM1,755769.0
7864,Patupilone,DB03010,448013.0,46505629.0,[H]\C(=C(\C)[C@]1([H])C[C@]2([H])O[C@]2(C)CCC[C@]([H])(C)[C@]([H])(O)[C@@]([H])(C)C(=O)C(C)(C)[C@@]([H])(O)CC(=O)O1)C1=CSC(C)=N1,TUBB,684363.0
7865,Patupilone,DB03010,448013.0,46505629.0,[H]\C(=C(\C)[C@]1([H])C[C@]2([H])O[C@]2(C)CCC[C@]([H])(C)[C@]([H])(O)[C@@]([H])(C)C(=O)C(C)(C)[C@@]([H])(O)CC(=O)O1)C1=CSC(C)=N1,TUBB1,684363.0
7866,Patupilone,DB03010,448013.0,46505629.0,[H]\C(=C(\C)[C@]1([H])C[C@]2([H])O[C@]2(C)CCC[C@]([H])(C)[C@]([H])(O)[C@@]([H])(C)C(=O)C(C)(C)[C@@]([H])(O)CC(=O)O1)C1=CSC(C)=N1,TUBB4B,684363.0
7867,Patupilone,DB03010,448013.0,46505629.0,[H]\C(=C(\C)[C@]1([H])C[C@]2([H])O[C@]2(C)CCC[C@]([H])(C)[C@]([H])(O)[C@@]([H])(C)C(=O)C(C)(C)[C@@]([H])(O)CC(=O)O1)C1=CSC(C)=N1,TUBB4A,684363.0
7868,Patupilone,DB03010,448013.0,46505629.0,[H]\C(=C(\C)[C@]1([H])C[C@]2([H])O[C@]2(C)CCC[C@]([H])(C)[C@]([H])(O)[C@@]([H])(C)C(=O)C(C)(C)[C@@]([H])(O)CC(=O)O1)C1=CSC(C)=N1,TUBA4A,684363.0
7869,Patupilone,DB03010,448013.0,46505629.0,[H]\C(=C(\C)[C@]1([H])C[C@]2([H])O[C@]2(C)CCC[C@]([H])(C)[C@]([H])(O)[C@@]([H])(C)C(=O)C(C)(C)[C@@]([H])(O)CC(=O)O1)C1=CSC(C)=N1,TUBB3,684363.0
7870,Patupilone,DB03010,448013.0,46505629.0,[H]\C(=C(\C)[C@]1([H])C[C@]2([H])O[C@]2(C)CCC[C@]([H])(C)[C@]([H])(O)[C@@]([H])(C)C(=O)C(C)(C)[C@@]([H])(O)CC(=O)O1)C1=CSC(C)=N1,TUBA1C,684363.0
7871,Patupilone,DB03010,448013.0,46505629.0,[H]\C(=C(\C)[C@]1([H])C[C@]2([H])O[C@]2(C)CCC[C@]([H])(C)[C@]([H])(O)[C@@]([H])(C)C(=O)C(C)(C)[C@@]([H])(O)CC(=O)O1)C1=CSC(C)=N1,TUBA8,684363.0
7872,Patupilone,DB03010,448013.0,46505629.0,[H]\C(=C(\C)[C@]1([H])C[C@]2([H])O[C@]2(C)CCC[C@]([H])(C)[C@]([H])(O)[C@@]([H])(C)C(=O)C(C)(C)[C@@]([H])(O)CC(=O)O1)C1=CSC(C)=N1,TUBA1B,684363.0
7873,Patupilone,DB03010,448013.0,46505629.0,[H]\C(=C(\C)[C@]1([H])C[C@]2([H])O[C@]2(C)CCC[C@]([H])(C)[C@]([H])(O)[C@@]([H])(C)C(=O)C(C)(C)[C@@]([H])(O)CC(=O)O1)C1=CSC(C)=N1,TUBA1A,684363.0
9055,"4-((3r,4s,5r)-4-Amino-3,5-Dihydroxy-Hex-1-Ynyl)-5-Fluoro-3-[1-(3-Methoxy-1h-Pyrrol-2-Yl)-Meth-(Z)-Ylidene]-1,3-Dihydro-Indol-2-One",DB03737,5288222.0,46505468.0,[H][C@](C)(O)[C@]([H])(N)[C@]([H])(O)C#CC1=C(F)C=CC2=C1\C(=C\C1=C(OC)C=CN1)C(=O)N2,CDK2,767265.0
9582,RH-1,DB04090,394347.0,46504603.0,CC1=C(N2CC2)C(=O)C(CO)=C(N2CC2)C1=O,NQO1,697726.0
9788,Quercetin,DB04216,5280343.0,46506533.0,OC1=CC2=C(C(O)=C1)C(=O)C(O)=C(O2)C1=CC=C(O)C(O)=C1,PIK3CG,756660.0
9789,Quercetin,DB04216,5280343.0,46506533.0,OC1=CC2=C(C(O)=C1)C(=O)C(O)=C(O2)C1=CC=C(O)C(O)=C1,UGT3A1,756660.0
9793,Quercetin,DB04216,5280343.0,46506533.0,OC1=CC2=C(C(O)=C1)C(=O)C(O)=C(O2)C1=CC=C(O)C(O)=C1,PIM1,756660.0
9795,Quercetin,DB04216,5280343.0,46506533.0,OC1=CC2=C(C(O)=C1)C(=O)C(O)=C(O2)C1=CC=C(O)C(O)=C1,HIBCH,756660.0
9797,Quercetin,DB04216,5280343.0,46506533.0,OC1=CC2=C(C(O)=C1)C(=O)C(O)=C(O2)C1=CC=C(O)C(O)=C1,STK17B,756660.0
9798,Quercetin,DB04216,5280343.0,46506533.0,OC1=CC2=C(C(O)=C1)C(=O)C(O)=C(O2)C1=CC=C(O)C(O)=C1,ESR1,756660.0
9799,Quercetin,DB04216,5280343.0,46506533.0,OC1=CC2=C(C(O)=C1)C(=O)C(O)=C(O2)C1=CC=C(O)C(O)=C1,ESR2,756660.0
9800,Quercetin,DB04216,5280343.0,46506533.0,OC1=CC2=C(C(O)=C1)C(=O)C(O)=C(O2)C1=CC=C(O)C(O)=C1,NQO2,756660.0
9801,Quercetin,DB04216,5280343.0,46506533.0,OC1=CC2=C(C(O)=C1)C(=O)C(O)=C(O2)C1=CC=C(O)C(O)=C1,AHR,756660.0
9802,Quercetin,DB04216,5280343.0,46506533.0,OC1=CC2=C(C(O)=C1)C(=O)C(O)=C(O2)C1=CC=C(O)C(O)=C1,CYP1B1,756660.0
9803,Quercetin,DB04216,5280343.0,46506533.0,OC1=CC2=C(C(O)=C1)C(=O)C(O)=C(O2)C1=CC=C(O)C(O)=C1,ACTB,756660.0
9804,Quercetin,DB04216,5280343.0,46506533.0,OC1=CC2=C(C(O)=C1)C(=O)C(O)=C(O2)C1=CC=C(O)C(O)=C1,CSNK2A1,756660.0
9805,Quercetin,DB04216,5280343.0,46506533.0,OC1=CC2=C(C(O)=C1)C(=O)C(O)=C(O2)C1=CC=C(O)C(O)=C1,CSNK2B,756660.0
9806,Quercetin,DB04216,5280343.0,46506533.0,OC1=CC2=C(C(O)=C1)C(=O)C(O)=C(O2)C1=CC=C(O)C(O)=C1,EIF3F,756660.0
9807,Quercetin,DB04216,5280343.0,46506533.0,OC1=CC2=C(C(O)=C1)C(=O)C(O)=C(O2)C1=CC=C(O)C(O)=C1,HSP90AA1,756660.0
9808,Quercetin,DB04216,5280343.0,46506533.0,OC1=CC2=C(C(O)=C1)C(=O)C(O)=C(O2)C1=CC=C(O)C(O)=C1,HSPA2,756660.0
9809,Quercetin,DB04216,5280343.0,46506533.0,OC1=CC2=C(C(O)=C1)C(=O)C(O)=C(O2)C1=CC=C(O)C(O)=C1,RUVBL2,756660.0
9810,Quercetin,DB04216,5280343.0,46506533.0,OC1=CC2=C(C(O)=C1)C(=O)C(O)=C(O2)C1=CC=C(O)C(O)=C1,SF3B3,756660.0
9811,Quercetin,DB04216,5280343.0,46506533.0,OC1=CC2=C(C(O)=C1)C(=O)C(O)=C(O2)C1=CC=C(O)C(O)=C1,UBA1,756660.0
9812,Quercetin,DB04216,5280343.0,46506533.0,OC1=CC2=C(C(O)=C1)C(=O)C(O)=C(O2)C1=CC=C(O)C(O)=C1,SHBG,756660.0
9813,Quercetin,DB04216,5280343.0,46506533.0,OC1=CC2=C(C(O)=C1)C(=O)C(O)=C(O2)C1=CC=C(O)C(O)=C1,CBR1,756660.0
9814,Quercetin,DB04216,5280343.0,46506533.0,OC1=CC2=C(C(O)=C1)C(=O)C(O)=C(O2)C1=CC=C(O)C(O)=C1,CEBPB,756660.0
9815,Quercetin,DB04216,5280343.0,46506533.0,OC1=CC2=C(C(O)=C1)C(=O)C(O)=C(O2)C1=CC=C(O)C(O)=C1,NR1I2,756660.0
9816,Quercetin,DB04216,5280343.0,46506533.0,OC1=CC2=C(C(O)=C1)C(=O)C(O)=C(O2)C1=CC=C(O)C(O)=C1,HCK,756660.0
10656,Camptothecin,DB04690,24360.0,46507644.0,CC[C@@]1(O)C(=O)OCC2=C1C=C1N(CC3=CC4=CC=CC=C4N=C13)C2=O,TOP1,94600.0
10829,Ixabepilone,DB04845,6445540.0,99443224.0,[H][C@]12C[C@H](NC(=O)C[C@H](O)C(C)(C)C(=O)[C@H](C)[C@@H](O)[C@@H](C)CCC[C@@]1(C)O2)C(\C)=C\C1=CSC(C)=N1,TUBB3,747973.0
10839,Cediranib,DB04849,9933475.0,175426860.0,COC1=CC2=C(C=C1OCCCN1CCCC1)N=CN=C2OC1=C(F)C2=C(NC(C)=C2)C=C1,KDR,755606.0
10884,Omacetaxine mepesuccinate,DB04865,285033.0,175426874.0,[H][C@@]1(OC(=O)[C@@](O)(CCCC(C)(C)O)CC(=O)OC)C(OC)=C[C@]23CCCN2CCC2=CC4=C(OCO4)C=C2[C@]13[H],RPL3,141633.0
10885,Omacetaxine mepesuccinate,DB04865,285033.0,175426874.0,[H][C@@]1(OC(=O)[C@@](O)(CCCC(C)(C)O)CC(=O)OC)C(OC)=C[C@]23CCCN2CCC2=CC4=C(OCO4)C=C2[C@]13[H],RPL3,758253.0
10889,Nilotinib,DB04868,644241.0,99443226.0,CC1=CN(C=N1)C1=CC(NC(=O)C2=CC=C(C)C(NC3=NC=CC(=N3)C3=CN=CC=C3)=C2)=CC(=C1)C(F)(F)F,ABL1,747599.0
10891,Nilotinib,DB04868,644241.0,99443226.0,CC1=CN(C=N1)C1=CC(NC(=O)C2=CC=C(C)C(NC3=NC=CC(=N3)C3=CN=CC=C3)=C2)=CC(=C1)C(F)(F)F,KIT,747599.0
11011,Tipifarnib,DB04960,159324.0,175426920.0,CN1C=NC=C1[C@@](N)(C1=CC=C(Cl)C=C1)C1=CC2=C(C=C1)N(C)C(=O)C=C2C1=CC(Cl)=CC=C1,FNTB,760444.0
11037,Imexon,DB05003,68791.0,175426928.0,NC1=NC(=O)N2CC12,RRM2,714597.0
11038,Imexon,DB05003,68791.0,175426928.0,NC1=NC(=O)N2CC12,RRM1,714597.0
11055,Belinostat,DB05015,6918638.0,347827703.0,ONC(=O)\C=C\C1=CC=CC(=C1)S(=O)(=O)NC1=CC=CC=C1,HDAC1,726630.0
11056,Belinostat,DB05015,6918638.0,347827703.0,ONC(=O)\C=C\C1=CC=CC(=C1)S(=O)(=O)NC1=CC=CC=C1,HDAC1,758774.0
11061,Amonafide,DB05022,50515.0,175426932.0,CN(C)CCN1C(=O)C2=CC=CC3=CC(N)=CC(C1=O)=C23,TOP2A,308847.0
11062,Amonafide,DB05022,50515.0,175426932.0,CN(C)CCN1C(=O)C2=CC=CC3=CC(N)=CC(C1=O)=C23,TOP2A,758251.0
11063,Amonafide,DB05022,50515.0,175426932.0,CN(C)CCN1C(=O)C2=CC=CC3=CC(N)=CC(C1=O)=C23,TOP2B,308847.0
11064,Amonafide,DB05022,50515.0,175426932.0,CN(C)CCN1C(=O)C2=CC=CC3=CC(N)=CC(C1=O)=C23,TOP2B,758251.0
11144,Tanespimycin,DB05134,6505803.0,347827713.0,[H]/C1=C([H])/[C@]([H])(OC)[C@@]([H])(OC(O)=N)C(C)=C([H])[C@]([H])(C)[C@@]([H])(O)[C@]([H])(C[C@]([H])(C)CC2=C(NCC=C)C(=O)C=C(N=C(O)\C(C)=C\1/[H])C2=O)OC,HSP90AA1,330507.0
11145,Tanespimycin,DB05134,6505803.0,347827713.0,[H]/C1=C([H])/[C@]([H])(OC)[C@@]([H])(OC(O)=N)C(C)=C([H])[C@]([H])(C)[C@@]([H])(O)[C@]([H])(C[C@]([H])(C)CC2=C(NCC=C)C(=O)C=C(N=C(O)\C(C)=C\1/[H])C2=O)OC,HSP90AB1,330507.0
11242,Alisertib,DB05220,24771867.0,347827718.0,COC1=CC(NC2=NC=C3CN=C(C4=CC(Cl)=CC=C4C3=N2)C2=C(OC)C=CC=C2F)=CC=C1C(O)=O,AURKA,759677.0
11244,Pracinostat,DB05223,49855250.0,347827719.0,CCCCC1=NC2=C(C=CC(\C=C\C(=O)NO)=C2)N1CCN(CC)CC,HDAC1,758249.0
11245,Pracinostat,DB05223,49855250.0,347827719.0,CCCCC1=NC2=C(C=CC(\C=C\C(=O)NO)=C2)N1CCN(CC)CC,HDAC2,758249.0
11246,Pracinostat,DB05223,49855250.0,347827719.0,CCCCC1=NC2=C(C=CC(\C=C\C(=O)NO)=C2)N1CCN(CC)CC,HDAC3,758249.0
11247,Pracinostat,DB05223,49855250.0,347827719.0,CCCCC1=NC2=C(C=CC(\C=C\C(=O)NO)=C2)N1CCN(CC)CC,HDAC6,758249.0
11262,Cobimetinib,DB05239,16222096.0,310264856.0,OC1(CN(C1)C(=O)C1=C(NC2=C(F)C=C(I)C=C2)C(F)=C(F)C=C1)[C@@H]1CCCCN1,MAP2K1,768068.0
11306,Vandetanib,DB05294,3081361.0,175426969.0,COC1=C(OCC2CCN(C)CC2)C=C2N=CN=C(NC3=C(F)C=C(Br)C=C3)C2=C1,VEGFA,760766.0
11308,Vandetanib,DB05294,3081361.0,175426969.0,COC1=C(OCC2CCN(C)CC2)C=C2N=CN=C(NC3=C(F)C=C(Br)C=C3)C2=C1,EGFR,760766.0
11310,Vandetanib,DB05294,3081361.0,175426969.0,COC1=C(OCC2CCN(C)CC2)C=C2N=CN=C(NC3=C(F)C=C(Br)C=C3)C2=C1,PTK6,760766.0
11312,Vandetanib,DB05294,3081361.0,175426969.0,COC1=C(OCC2CCN(C)CC2)C=C2N=CN=C(NC3=C(F)C=C(Br)C=C3)C2=C1,TEK,760766.0
11314,Vandetanib,DB05294,3081361.0,175426969.0,COC1=C(OCC2CCN(C)CC2)C=C2N=CN=C(NC3=C(F)C=C(Br)C=C3)C2=C1,RET,760766.0
11398,Canertinib,DB05424,156414.0,175427000.0,FC1=C(Cl)C=C(NC2=NC=NC3=CC(OCCCN4CCOCC4)=C(NC(=O)C=C)C=C23)C=C1,EGFR,780019.0
11399,Canertinib,DB05424,156414.0,175427000.0,FC1=C(Cl)C=C(NC2=NC=NC3=CC(OCCCN4CCOCC4)=C(NC(=O)C=C)C=C23)C=C1,EGFR,801011.0
11433,Tandutinib,DB05465,3038522.0,175427013.0,COC1=C(OCCCN2CCCCC2)C=C2N=CN=C(N3CCN(CC3)C(=O)NC3=CC=C(OC(C)C)C=C3)C2=C1,FLT3,760841.0
11434,Tandutinib,DB05465,3038522.0,175427013.0,COC1=C(OCCCN2CCCCC2)C=C2N=CN=C(N3CCN(CC3)C(=O)NC3=CC=C(OC(C)C)C=C3)C2=C1,PDGFD,760841.0
11457,7-ethyl-10-hydroxycamptothecin,DB05482,104842.0,175427017.0,CCC1=C2C=C(O)C=CC2=NC2=C1CN1C2=CC2=C(COC(=O)[C@]2(O)CC)C1=O,TOP1,673596.0
11498,Pelitinib,DB05524,,,CCOC1=CC2=C(C=C1NC(=O)\C=C\CN(C)C)C(NC1=CC(Cl)=C(F)C=C1)=C(C=N2)C#N,EGFR,800841.0
11584,Irofulven,DB05786,148189.0,175427030.0,CC1=C(CO)C2=C(C)C3(CC3)[C@@](C)(O)C(=O)C2=C1,FUBP1,683863.0
11594,Cositecan,DB05806,148202.0,175427037.0,CC[C@@]1(O)C(=O)OCC2=C1C=C1N(CC3=C(CC[Si](C)(C)C)C4=CC=CC=C4N=C13)C2=O,TOP1,710270.0
11595,Abiraterone,DB05812,132971.0,175427038.0,[H][C@@]12CC=C(C3=CC=CN=C3)[C@@]1(C)CC[C@@]1([H])[C@@]2([H])CC=C2C[C@@H](O)CC[C@]12C,CYP17A1,749226.0
11633,Dovitinib,DB05928,9977819.0,347827750.0,CN1CCN(CC1)C1=CC=C2N=C(NC2=C1)C1=C(N)C2=C(NC1=O)C=CC=C2F,NR1I2,759661.0
11644,Varlitinib,DB05944,42642648.0,347827751.0,C[C@@H]1COC(NC2=CC=C3N=CN=C(NC4=CC=C(OCC5=NC=CS5)C(Cl)=C4)C3=C2)=N1,ERBB2,764823.0
11646,Varlitinib,DB05944,42642648.0,347827751.0,C[C@@H]1COC(NC2=CC=C3N=CN=C(NC4=CC=C(OCC5=NC=CS5)C(Cl)=C4)C3=C2)=N1,EGFR,764823.0
11662,SNS-032,DB05969,,,CC(C)(C)C1=CN=C(CSC2=CN=C(NC(=O)C3CCNCC3)S2)O1,CDK7,767048.0
11664,SNS-032,DB05969,,,CC(C)(C)C1=CN=C(CSC2=CN=C(NC(=O)C3CCNCC3)S2)O1,VEGFA,767048.0
11666,Bardoxolone methyl,DB05983,,,COC(=O)[C@]12CCC(C)(C)C[C@H]1[C@H]1C(=O)C=C3[C@@]4(C)C=C(C#N)C(=O)C(C)(C)[C@@H]4CC[C@@]3(C)[C@]1(C)CC2,NFKBIA,713200.0
11667,RAF-265,DB05984,,,CN1C(NC2=CC=C(C=C2)C(F)(F)F)=NC2=CC(OC3=CC=NC(=C3)C3=NC=C(N3)C(F)(F)F)=CC=C12,KDR,754357.0
11668,RAF-265,DB05984,,,CN1C(NC2=CC=C(C=C2)C(F)(F)F)=NC2=CC(OC3=CC=NC(=C3)C3=NC=C(N3)C(F)(F)F)=CC=C12,BRAF,754357.0
11673,Aldoxorubicin,DB06013,,,COC1=C2C(=O)C3=C(O)C4=C(C[C@](O)(C[C@@H]4O[C@H]4C[C@H](N)[C@H](O)[C@H](C)O4)C(\CO)=N\NC(=O)CCCCCN4C(=O)C=CC4=O)C(O)=C3C(=O)C2=CC=C1,TOP2A,784722.0
11693,AZD-8330,DB06061,16666708.0,347827753.0,CN1C(=O)C(C)=CC(C(=O)NOCCO)=C1NC1=CC=C(I)C=C1F,MAP3K1,772563.0
11697,SNX-5422,DB06070,44195571.0,347827754.0,CC1(C)CC2=C(C(=NN2C2=CC(N[C@H]3CC[C@@H](CC3)OC(=O)CN)=C(C=C2)C(N)=O)C(F)(F)F)C(=O)C1,HSP90AA1,768509.0
11698,SNX-5422,DB06070,44195571.0,347827754.0,CC1(C)CC2=C(C(=NN2C2=CC(N[C@H]3CC[C@@H](CC3)OC(=O)CN)=C(C=C2)C(N)=O)C(F)(F)F)C(=O)C1,HSP90AB1,768509.0
11700,Linsitinib,DB06075,,,C[C@@]1(O)C[C@@H](C1)C1=NC(=C2N1C=CN=C2N)C1=CC=C2C=CC(=NC2=C1)C1=CC=CC=C1,INSR,756652.0
11702,Linsitinib,DB06075,,,C[C@@]1(O)C[C@@H](C1)C1=NC(=C2N1C=CN=C2N)C1=CC=C2C=CC(=NC2=C1)C1=CC=CC=C1,IGF1R,756652.0
11738,SNS-314,DB06134,,,ClC1=CC=CC(NC(=O)NC2=NC=C(CCNC3=C4SC=CC4=NC=N3)S2)=C1,AURKA,758250.0
11740,SNS-314,DB06134,,,ClC1=CC=CC(NC(=O)NC2=NC=C(CCNC3=C4SC=CC4=NC=N3)S2)=C1,AURKC,758250.0
11742,Tirbanibulin,DB06137,,,O=C(CC1=CC=C(C=N1)C1=CC=C(OCCN2CCOCC2)C=C1)NCC1=CC=CC=C1,TUBB,756643.0
11744,Tirbanibulin,DB06137,,,O=C(CC1=CC=C(C=N1)C1=CC=C(OCCN2CCOCC2)C=C1)NCC1=CC=CC=C1,SRC,756643.0
11816,Romidepsin,DB06176,57515973.0,310264861.0,C\C=C1/NC(=O)[C@H]2CSSCC\C=C\[C@H](CC(=O)N[C@H](C(C)C)C(=O)N2)OC(=O)[C@@H](NC1=O)C(C)C,HDAC1,630176.0
11817,Romidepsin,DB06176,57515973.0,310264861.0,C\C=C1/NC(=O)[C@H]2CSSCC\C=C\[C@H](CC(=O)N[C@H](C(C)C)C(=O)N2)OC(=O)[C@@H](NC1=O)C(C)C,HDAC1,754143.0
11818,Romidepsin,DB06176,57515973.0,310264861.0,C\C=C1/NC(=O)[C@H]2CSSCC\C=C\[C@H](CC(=O)N[C@H](C(C)C)C(=O)N2)OC(=O)[C@@H](NC1=O)C(C)C,HDAC2,630176.0
11819,Romidepsin,DB06176,57515973.0,310264861.0,C\C=C1/NC(=O)[C@H]2CSSCC\C=C\[C@H](CC(=O)N[C@H](C(C)C)C(=O)N2)OC(=O)[C@@H](NC1=O)C(C)C,HDAC2,754143.0
11820,Romidepsin,DB06176,57515973.0,310264861.0,C\C=C1/NC(=O)[C@H]2CSSCC\C=C\[C@H](CC(=O)N[C@H](C(C)C)C(=O)N2)OC(=O)[C@@H](NC1=O)C(C)C,HDAC4,630176.0
11821,Romidepsin,DB06176,57515973.0,310264861.0,C\C=C1/NC(=O)[C@H]2CSSCC\C=C\[C@H](CC(=O)N[C@H](C(C)C)C(=O)N2)OC(=O)[C@@H](NC1=O)C(C)C,HDAC4,754143.0
11822,Romidepsin,DB06176,57515973.0,310264861.0,C\C=C1/NC(=O)[C@H]2CSSCC\C=C\[C@H](CC(=O)N[C@H](C(C)C)C(=O)N2)OC(=O)[C@@H](NC1=O)C(C)C,HDAC6,630176.0
11823,Romidepsin,DB06176,57515973.0,310264861.0,C\C=C1/NC(=O)[C@H]2CSSCC\C=C\[C@H](CC(=O)N[C@H](C(C)C)C(=O)N2)OC(=O)[C@@H](NC1=O)C(C)C,HDAC6,754143.0
11824,Romidepsin,DB06176,57515973.0,310264861.0,C\C=C1/NC(=O)[C@H]2CSSCC\C=C\[C@H](CC(=O)N[C@H](C(C)C)C(=O)N2)OC(=O)[C@@H](NC1=O)C(C)C,ABCC1,630176.0
11825,Romidepsin,DB06176,57515973.0,310264861.0,C\C=C1/NC(=O)[C@H]2CSSCC\C=C\[C@H](CC(=O)N[C@H](C(C)C)C(=O)N2)OC(=O)[C@@H](NC1=O)C(C)C,ABCC1,754143.0
11831,Seliciclib,DB06195,160355.0,,CC[C@H](CO)NC1=NC(NCC2=CC=CC=C2)=C2N=CN(C(C)C)C2=N1,CDK1,701554.0
11832,Seliciclib,DB06195,160355.0,,CC[C@H](CO)NC1=NC(NCC2=CC=CC=C2)=C2N=CN(C(C)C)C2=N1,CDK2,701554.0
11833,Seliciclib,DB06195,160355.0,,CC[C@H](CO)NC1=NC(NCC2=CC=CC=C2)=C2N=CN(C(C)C)C2=N1,MAPK3,701554.0
11834,Seliciclib,DB06195,160355.0,,CC[C@H](CO)NC1=NC(NCC2=CC=CC=C2)=C2N=CN(C(C)C)C2=N1,MAPK1,701554.0
11835,Seliciclib,DB06195,160355.0,,CC[C@H](CO)NC1=NC(NCC2=CC=CC=C2)=C2N=CN(C(C)C)C2=N1,CDK7,701554.0
11836,Seliciclib,DB06195,160355.0,,CC[C@H](CO)NC1=NC(NCC2=CC=CC=C2)=C2N=CN(C(C)C)C2=N1,CDK9,701554.0
11837,Seliciclib,DB06195,160355.0,,CC[C@H](CO)NC1=NC(NCC2=CC=CC=C2)=C2N=CN(C(C)C)C2=N1,CSNK1E,701554.0
11912,Ridaforolimus,DB06233,,,CO[C@@H]1C[C@H](C[C@@H](C)[C@@H]2CC(=O)[C@H](C)\C=C(C)\[C@@H](O)[C@@H](OC)C(=O)[C@H](C)C[C@H](C)\C=C\C=C\C=C(C)\[C@H](C[C@@H]3CC[C@@H](C)[C@@](O)(O3)C(=O)C(=O)N3CCCC[C@H]3C(=O)O2)OC)CC[C@H]1OP(C)(C)=O,MTOR,757440.0
11973,SGX-523,DB06314,,,CN1C=C(C=N1)C1=NN2C(SC3=CC=C4N=CC=CC4=C3)=NN=C2C=C1,MET,758591.0
11983,Cenisertib,DB06347,,,[H][C@@]12C[C@@]([H])(C=C1)[C@@H]([C@@H]2NC1=C(F)C=NC(NC2=CC=C(N3CCN(C)CC3)C(C)=C2)=N1)C(N)=O,AURKA,763930.0
12049,Lestaurtinib,DB06469,,,C[C@]12O[C@H](C[C@]1(O)CO)N1C3=C(C=CC=C3)C3=C1C1=C(C4=C3C(=O)NC4)C3=CC=CC=C3N21,FLT3,772196.0
12061,Enzastaurin,DB06486,,,CN1C=C(C2=CC=CC=C12)C1=C(C(=O)NC1=O)C1=CN(C2CCN(CC3=CC=CC=N3)CC2)C2=CC=CC=C12,PRKCB,767124.0
12062,Enzastaurin,DB06486,,,CN1C=C(C2=CC=CC=C12)C1=C(C(=O)NC1=O)C1=CN(C2CCN(CC3=CC=CC=N3)CC2)C2=CC=CC=C12,AURKB,767124.0
12063,Enzastaurin,DB06486,,,CN1C=C(C2=CC=CC=C12)C1=C(C(=O)NC1=O)C1=CN(C2CCN(CC3=CC=CC=N3)CC2)C2=CC=CC=C12,AURKA,767124.0
12064,Enzastaurin,DB06486,,,CN1C=C(C2=CC=CC=C12)C1=C(C(=O)NC1=O)C1=CN(C2CCN(CC3=CC=CC=N3)CC2)C2=CC=CC=C12,CDK15,767124.0
12065,Enzastaurin,DB06486,,,CN1C=C(C2=CC=CC=C12)C1=C(C(=O)NC1=O)C1=CN(C2CCN(CC3=CC=CC=N3)CC2)C2=CC=CC=C12,CHEK1,767124.0
12066,Enzastaurin,DB06486,,,CN1C=C(C2=CC=CC=C12)C1=C(C(=O)NC1=O)C1=CN(C2CCN(CC3=CC=CC=N3)CC2)C2=CC=CC=C12,CHEK2,767124.0
12067,Enzastaurin,DB06486,,,CN1C=C(C2=CC=CC=C12)C1=C(C(=O)NC1=O)C1=CN(C2CCN(CC3=CC=CC=N3)CC2)C2=CC=CC=C12,AKT1,767124.0
12068,Enzastaurin,DB06486,,,CN1C=C(C2=CC=CC=C12)C1=C(C(=O)NC1=O)C1=CN(C2CCN(CC3=CC=CC=N3)CC2)C2=CC=CC=C12,PIK3R1,767124.0
12077,R-1487,DB06518,,,CN1C(=O)C(OC2=CC=C(F)C=C2F)=CC2=C1N=C(NC1CCOCC1)N=C2,MAPK14,767348.0
12100,Pazopanib,DB06589,10113978.0,175427074.0,CN(C1=CC2=NN(C)C(C)=C2C=C1)C1=CC=NC(NC2=CC=C(C)C(=C2)S(N)(=O)=O)=N1,FLT1,752782.0
12102,Pazopanib,DB06589,10113978.0,175427074.0,CN(C1=CC2=NN(C)C(C)=C2C=C1)C1=CC=NC(NC2=CC=C(C)C(=C2)S(N)(=O)=O)=N1,KDR,752782.0
12104,Pazopanib,DB06589,10113978.0,175427074.0,CN(C1=CC2=NN(C)C(C)=C2C=C1)C1=CC=NC(NC2=CC=C(C)C(=C2)S(N)(=O)=O)=N1,FLT4,752782.0
12106,Pazopanib,DB06589,10113978.0,175427074.0,CN(C1=CC2=NN(C)C(C)=C2C=C1)C1=CC=NC(NC2=CC=C(C)C(=C2)S(N)(=O)=O)=N1,PDGFRA,752782.0
12108,Pazopanib,DB06589,10113978.0,175427074.0,CN(C1=CC2=NN(C)C(C)=C2C=C1)C1=CC=NC(NC2=CC=C(C)C(=C2)S(N)(=O)=O)=N1,PDGFRB,752782.0
12110,Pazopanib,DB06589,10113978.0,175427074.0,CN(C1=CC2=NN(C)C(C)=C2C=C1)C1=CC=NC(NC2=CC=C(C)C(=C2)S(N)(=O)=O)=N1,KIT,752782.0
12112,Pazopanib,DB06589,10113978.0,175427074.0,CN(C1=CC2=NN(C)C(C)=C2C=C1)C1=CC=NC(NC2=CC=C(C)C(=C2)S(N)(=O)=O)=N1,FGFR3,752782.0
12114,Pazopanib,DB06589,10113978.0,175427074.0,CN(C1=CC2=NN(C)C(C)=C2C=C1)C1=CC=NC(NC2=CC=C(C)C(=C2)S(N)(=O)=O)=N1,ITK,752782.0
12116,Pazopanib,DB06589,10113978.0,175427074.0,CN(C1=CC2=NN(C)C(C)=C2C=C1)C1=CC=NC(NC2=CC=C(C)C(=C2)S(N)(=O)=O)=N1,FGF1,752782.0
12118,Pazopanib,DB06589,10113978.0,175427074.0,CN(C1=CC2=NN(C)C(C)=C2C=C1)C1=CC=NC(NC2=CC=C(C)C(=C2)S(N)(=O)=O)=N1,SH2B3,752782.0
12130,Panobinostat,DB06603,6918837.0,310264874.0,CC1=C(CCNCC2=CC=C(\C=C\C(=O)NO)C=C2)C2=CC=CC=C2N1,HDAC1,761190.0
12134,Bosutinib,DB06616,5328940.0,175427079.0,COC1=CC(NC2=C(C=NC3=CC(OCCCN4CCN(C)CC4)=C(OC)C=C23)C#N)=C(Cl)C=C1Cl,BCR,765694.0
12135,Bosutinib,DB06616,5328940.0,175427079.0,COC1=CC(NC2=C(C=NC3=CC(OCCCN4CCN(C)CC4)=C(OC)C=C23)C#N)=C(Cl)C=C1Cl,ABL1,765694.0
12136,Bosutinib,DB06616,5328940.0,175427079.0,COC1=CC(NC2=C(C=NC3=CC(OCCCN4CCN(C)CC4)=C(OC)C=C23)C#N)=C(Cl)C=C1Cl,LYN,765694.0
12137,Bosutinib,DB06616,5328940.0,175427079.0,COC1=CC(NC2=C(C=NC3=CC(OCCCN4CCN(C)CC4)=C(OC)C=C23)C#N)=C(Cl)C=C1Cl,HCK,765694.0
12138,Bosutinib,DB06616,5328940.0,175427079.0,COC1=CC(NC2=C(C=NC3=CC(OCCCN4CCN(C)CC4)=C(OC)C=C23)C#N)=C(Cl)C=C1Cl,SRC,765694.0
12139,Bosutinib,DB06616,5328940.0,175427079.0,COC1=CC(NC2=C(C=NC3=CC(OCCCN4CCN(C)CC4)=C(OC)C=C23)C#N)=C(Cl)C=C1Cl,CDK2,765694.0
12140,Bosutinib,DB06616,5328940.0,175427079.0,COC1=CC(NC2=C(C=NC3=CC(OCCCN4CCN(C)CC4)=C(OC)C=C23)C#N)=C(Cl)C=C1Cl,MAP2K1,765694.0
12141,Bosutinib,DB06616,5328940.0,175427079.0,COC1=CC(NC2=C(C=NC3=CC(OCCCN4CCN(C)CC4)=C(OC)C=C23)C#N)=C(Cl)C=C1Cl,MAP2K2,765694.0
12142,Bosutinib,DB06616,5328940.0,175427079.0,COC1=CC(NC2=C(C=NC3=CC(OCCCN4CCN(C)CC4)=C(OC)C=C23)C#N)=C(Cl)C=C1Cl,MAP3K2,765694.0
12143,Bosutinib,DB06616,5328940.0,175427079.0,COC1=CC(NC2=C(C=NC3=CC(OCCCN4CCN(C)CC4)=C(OC)C=C23)C#N)=C(Cl)C=C1Cl,CAMK2G,765694.0
12146,Axitinib,DB06626,6450551.0,347827779.0,CNC(=O)C1=C(SC2=CC=C3C(NN=C3\C=C\C3=CC=CC=N3)=C2)C=CC=C1,FLT1,757441.0
12148,Axitinib,DB06626,6450551.0,347827779.0,CNC(=O)C1=C(SC2=CC=C3C(NN=C3\C=C\C3=CC=CC=N3)=C2)C=CC=C1,KDR,757441.0
12150,Axitinib,DB06626,6450551.0,347827779.0,CNC(=O)C1=C(SC2=CC=C3C(NN=C3\C=C\C3=CC=CC=N3)=C2)C=CC=C1,FLT4,757441.0
12171,Perifosine,DB06641,,,CCCCCCCCCCCCCCCCCCOP([O-])(=O)OC1CC[N+](C)(C)CC1,AKT1,639966.0
12173,Perifosine,DB06641,,,CCCCCCCCCCCCCCCCCCOP([O-])(=O)OC1CC[N+](C)(C)CC1,MAPK1,639966.0
12175,Perifosine,DB06641,,,CCCCCCCCCCCCCCCCCCOP([O-])(=O)OC1CC[N+](C)(C)CC1,PRKCA,639966.0
12532,PLX-4720,DB06999,24180719.0,99443470.0,CCCS(=O)(=O)NC1=CC=C(F)C(C(=O)C2=CNC3=C2C=C(Cl)C=N3)=C1F,BRAF,757438.0
12645,Mirdametinib,DB07101,9826528.0,99443572.0,[H][C@@](O)(CO)CONC(=O)C1=C(NC2=CC=C(I)C=C2F)C(F)=C(F)C=C1,MAP2K1,755770.0
12712,Tamatinib,DB07159,11213558.0,99443630.0,COC1=CC(NC2=NC=C(F)C(NC3=CC=C4OC(C)(C)C(=O)NC4=N3)=N2)=CC(OC)=C1OC,SYK,800858.0
12793,Veliparib,DB07232,11960529.0,99443703.0,C[C@@]1(CCCN1)C1=NC2=CC=CC(C(N)=O)=C2N1,PARP1,752840.0
12794,Veliparib,DB07232,11960529.0,99443703.0,C[C@@]1(CCCN1)C1=NC2=CC=CC(C(N)=O)=C2N1,PARP2,752840.0
13068,2-({5-CHLORO-2-[(2-METHOXY-4-MORPHOLIN-4-YLPHENYL)AMINO]PYRIMIDIN-4-YL}AMINO)-N-METHYLBENZAMIDE,DB07460,9934347.0,99443931.0,CNC(=O)C1=C(NC2=NC(NC3=CC=C(C=C3OC)N3CCOCC3)=NC=C2Cl)C=CC=C1,PTK2,787252.0
13824,Wortmannin,DB08059,312145.0,99444530.0,[H][C@@]12CCC(=O)[C@@]1(C)C[C@@H](OC(C)=O)C1=C2C(=O)C2=C3C(=CO2)C(=O)O[C@H](COC)[C@]13C,PIK3CG,221019.0
13825,Wortmannin,DB08059,312145.0,99444530.0,[H][C@@]12CCC(=O)[C@@]1(C)C[C@@H](OC(C)=O)C1=C2C(=O)C2=C3C(=CO2)C(=O)O[C@H](COC)[C@]13C,PLK1,221019.0
13826,Wortmannin,DB08059,312145.0,99444530.0,[H][C@@]12CCC(=O)[C@@]1(C)C[C@@H](OC(C)=O)C1=C2C(=O)C2=C3C(=CO2)C(=O)O[C@H](COC)[C@]13C,PIK3R1,221019.0
13827,Wortmannin,DB08059,312145.0,99444530.0,[H][C@@]12CCC(=O)[C@@]1(C)C[C@@H](OC(C)=O)C1=C2C(=O)C2=C3C(=CO2)C(=O)O[C@H](COC)[C@]13C,PIK3CA,221019.0
13872,RO-4584820,DB08094,6918852.0,99444565.0,COC1=CC=C(F)C(F)=C1C(=O)C1=CN=C(NC2CCN(CC2)S(C)(=O)=O)N=C1N,CDK2,773094.0
13914,AT-7519,DB08142,11338033.0,99444613.0,ClC1=CC=CC(Cl)=C1C(=O)NC1=CNN=C1C(=O)NC1CCNCC1,CDK2,773394.0
13916,AT-7519,DB08142,11338033.0,99444613.0,ClC1=CC=CC(Cl)=C1C(=O)NC1=CNN=C1C(=O)NC1CCNCC1,CDK1,773394.0
14850,Vismodegib,DB08828,24776445.0,175427109.0,CS(=O)(=O)C1=CC(Cl)=C(C=C1)C(=O)NC1=CC=C(Cl)C(=C1)C1=CC=CC=N1,SMO,755809.0
14925,Cabozantinib,DB08875,25102847.0,347827806.0,COC1=CC2=C(C=C1OC)C(OC1=CC=C(NC(=O)C3(CC3)C(=O)NC3=CC=C(F)C=C3)C=C1)=CC=N2,MET,761068.0
14927,Cabozantinib,DB08875,25102847.0,347827806.0,COC1=CC2=C(C=C1OC)C(OC1=CC=C(NC(=O)C3(CC3)C(=O)NC3=CC=C(F)C=C3)C=C1)=CC=N2,KDR,761068.0
14929,Cabozantinib,DB08875,25102847.0,347827806.0,COC1=CC2=C(C=C1OC)C(OC1=CC=C(NC(=O)C3(CC3)C(=O)NC3=CC=C(F)C=C3)C=C1)=CC=N2,RET,761068.0
14937,Vemurafenib,DB08881,42611257.0,175427131.0,CCCS(=O)(=O)NC1=C(F)C(C(=O)C2=CNC3=NC=C(C=C23)C2=CC=C(Cl)C=C2)=C(F)C=C1,BRAF,761431.0
14947,Carfilzomib,DB08889,11556711.0,175427135.0,CC(C)C[C@H](NC(=O)[C@H](CCC1=CC=CC=C1)NC(=O)CN1CCOCC1)C(=O)N[C@@H](CC1=CC=CC=C1)C(=O)N[C@@H](CC(C)C)C(=O)[C@@]1(C)CO1,PSMB5,758252.0
14948,Carfilzomib,DB08889,11556711.0,175427135.0,CC(C)C[C@H](NC(=O)[C@H](CCC1=CC=CC=C1)NC(=O)CN1CCOCC1)C(=O)N[C@@H](CC1=CC=CC=C1)C(=O)N[C@@H](CC(C)C)C(=O)[C@@]1(C)CO1,PSMB8,758252.0
14949,Carfilzomib,DB08889,11556711.0,175427135.0,CC(C)C[C@H](NC(=O)[C@H](CCC1=CC=CC=C1)NC(=O)CN1CCOCC1)C(=O)N[C@@H](CC1=CC=CC=C1)C(=O)N[C@@H](CC(C)C)C(=O)[C@@]1(C)CO1,PSMB1,758252.0
14950,Carfilzomib,DB08889,11556711.0,175427135.0,CC(C)C[C@H](NC(=O)[C@H](CCC1=CC=CC=C1)NC(=O)CN1CCOCC1)C(=O)N[C@@H](CC1=CC=CC=C1)C(=O)N[C@@H](CC(C)C)C(=O)[C@@]1(C)CO1,PSMB9,758252.0
14951,Carfilzomib,DB08889,11556711.0,175427135.0,CC(C)C[C@H](NC(=O)[C@H](CCC1=CC=CC=C1)NC(=O)CN1CCOCC1)C(=O)N[C@@H](CC1=CC=CC=C1)C(=O)N[C@@H](CC(C)C)C(=O)[C@@]1(C)CO1,PSMB2,758252.0
14952,Carfilzomib,DB08889,11556711.0,175427135.0,CC(C)C[C@H](NC(=O)[C@H](CCC1=CC=CC=C1)NC(=O)CN1CCOCC1)C(=O)N[C@@H](CC1=CC=CC=C1)C(=O)N[C@@H](CC(C)C)C(=O)[C@@]1(C)CO1,PSMB10,758252.0
14990,Ponatinib,DB08901,24826799.0,175427142.0,CN1CCN(CC2=CC=C(NC(=O)C3=CC(C#CC4=CN=C5C=CC=NN45)=C(C)C=C3)C=C2C(F)(F)F)CC1,ABL1,758487.0
14992,Ponatinib,DB08901,24826799.0,175427142.0,CN1CCN(CC2=CC=C(NC(=O)C3=CC(C#CC4=CN=C5C=CC=NN45)=C(C)C=C3)C=C2C(F)(F)F)CC1,BCR,758487.0
14994,Ponatinib,DB08901,24826799.0,175427142.0,CN1CCN(CC2=CC=C(NC(=O)C3=CC(C#CC4=CN=C5C=CC=NN45)=C(C)C=C3)C=C2C(F)(F)F)CC1,KIT,758487.0
14996,Ponatinib,DB08901,24826799.0,175427142.0,CN1CCN(CC2=CC=C(NC(=O)C3=CC(C#CC4=CN=C5C=CC=NN45)=C(C)C=C3)C=C2C(F)(F)F)CC1,RET,758487.0
14998,Ponatinib,DB08901,24826799.0,175427142.0,CN1CCN(CC2=CC=C(NC(=O)C3=CC(C#CC4=CN=C5C=CC=NN45)=C(C)C=C3)C=C2C(F)(F)F)CC1,TEK,758487.0
15000,Ponatinib,DB08901,24826799.0,175427142.0,CN1CCN(CC2=CC=C(NC(=O)C3=CC(C#CC4=CN=C5C=CC=NN45)=C(C)C=C3)C=C2C(F)(F)F)CC1,FLT3,758487.0
15002,Ponatinib,DB08901,24826799.0,175427142.0,CN1CCN(CC2=CC=C(NC(=O)C3=CC(C#CC4=CN=C5C=CC=NN45)=C(C)C=C3)C=C2C(F)(F)F)CC1,FGFR1,758487.0
15004,Ponatinib,DB08901,24826799.0,175427142.0,CN1CCN(CC2=CC=C(NC(=O)C3=CC(C#CC4=CN=C5C=CC=NN45)=C(C)C=C3)C=C2C(F)(F)F)CC1,FGFR2,758487.0
15006,Ponatinib,DB08901,24826799.0,175427142.0,CN1CCN(CC2=CC=C(NC(=O)C3=CC(C#CC4=CN=C5C=CC=NN45)=C(C)C=C3)C=C2C(F)(F)F)CC1,FGFR3,758487.0
15008,Ponatinib,DB08901,24826799.0,175427142.0,CN1CCN(CC2=CC=C(NC(=O)C3=CC(C#CC4=CN=C5C=CC=NN45)=C(C)C=C3)C=C2C(F)(F)F)CC1,FGFR4,758487.0
15010,Ponatinib,DB08901,24826799.0,175427142.0,CN1CCN(CC2=CC=C(NC(=O)C3=CC(C#CC4=CN=C5C=CC=NN45)=C(C)C=C3)C=C2C(F)(F)F)CC1,LCK,758487.0
15012,Ponatinib,DB08901,24826799.0,175427142.0,CN1CCN(CC2=CC=C(NC(=O)C3=CC(C#CC4=CN=C5C=CC=NN45)=C(C)C=C3)C=C2C(F)(F)F)CC1,SRC,758487.0
15014,Ponatinib,DB08901,24826799.0,175427142.0,CN1CCN(CC2=CC=C(NC(=O)C3=CC(C#CC4=CN=C5C=CC=NN45)=C(C)C=C3)C=C2C(F)(F)F)CC1,LYN,758487.0
15016,Ponatinib,DB08901,24826799.0,175427142.0,CN1CCN(CC2=CC=C(NC(=O)C3=CC(C#CC4=CN=C5C=CC=NN45)=C(C)C=C3)C=C2C(F)(F)F)CC1,KDR,758487.0
15018,Ponatinib,DB08901,24826799.0,175427142.0,CN1CCN(CC2=CC=C(NC(=O)C3=CC(C#CC4=CN=C5C=CC=NN45)=C(C)C=C3)C=C2C(F)(F)F)CC1,PDGFRA,758487.0
15032,Trametinib,DB08911,11707110.0,175427149.0,CN1C(=O)C(C)=C2N(C(=O)N(C3CC3)C(=O)C2=C1NC1=CC=C(I)C=C1F)C1=CC(NC(C)=O)=CC=C1,MAP2K1,758246.0
15034,Trametinib,DB08911,11707110.0,175427149.0,CN1C(=O)C(C)=C2N(C(=O)N(C3CC3)C(=O)C2=C1NC1=CC=C(I)C=C1F)C1=CC(NC(C)=O)=CC=C1,MAP2K2,758246.0
15036,Dabrafenib,DB08912,44462760.0,175427150.0,CC(C)(C)C1=NC(=C(S1)C1=NC(N)=NC=C1)C1=C(F)C(NS(=O)(=O)C2=C(F)C=CC=C2F)=CC=C1,BRAF,764134.0
15037,Dabrafenib,DB08912,44462760.0,175427150.0,CC(C)(C)C1=NC(=C(S1)C1=NC(N)=NC=C1)C1=C(F)C(NS(=O)(=O)C2=C(F)C=CC=C2F)=CC=C1,RAF1,764134.0
15038,Dabrafenib,DB08912,44462760.0,175427150.0,CC(C)(C)C1=NC(=C(S1)C1=NC(N)=NC=C1)C1=C(F)C(NS(=O)(=O)C2=C(F)C=CC=C2F)=CC=C1,SIK1,764134.0
15039,Dabrafenib,DB08912,44462760.0,175427150.0,CC(C)(C)C1=NC(=C(S1)C1=NC(N)=NC=C1)C1=C(F)C(NS(=O)(=O)C2=C(F)C=CC=C2F)=CC=C1,NEK11,764134.0
15040,Dabrafenib,DB08912,44462760.0,175427150.0,CC(C)(C)C1=NC(=C(S1)C1=NC(N)=NC=C1)C1=C(F)C(NS(=O)(=O)C2=C(F)C=CC=C2F)=CC=C1,LIMK1,764134.0
15044,Afatinib,DB08916,10184653.0,175427153.0,CN(C)C\C=C\C(=O)NC1=C(O[C@H]2CCOC2)C=C2N=CN=C(NC3=CC(Cl)=C(F)C=C3)C2=C1,EGFR,750691.0
15046,Afatinib,DB08916,10184653.0,175427153.0,CN(C)C\C=C\C(=O)NC1=C(O[C@H]2CCOC2)C=C2N=CN=C(NC3=CC(Cl)=C(F)C=C3)C2=C1,ERBB2,750691.0
15048,Afatinib,DB08916,10184653.0,175427153.0,CN(C)C\C=C\C(=O)NC1=C(O[C@H]2CCOC2)C=C2N=CN=C(NC3=CC(Cl)=C(F)C=C3)C2=C1,ERBB4,750691.0
15140,Idelalisib,DB09054,11625818.0,310264996.0,[H][C@@](CC)(NC1=NC=NC2=C1N=CN2)C1=NC2=CC=CC(F)=C2C(=O)N1C1=CC=CC=C1,PIK3CD,759224.0
15200,Ceritinib,DB09063,57379345.0,310264998.0,CC(C)OC1=C(NC2=NC=C(Cl)C(N2)=NC2=CC=CC=C2S(=O)(=O)C(C)C)C=C(C)C(=C1)C1CCNCC1,ALK,777193.0
15218,Palbociclib,DB09073,5330286.0,310265004.0,CC(=O)C1=C(C)C2=CN=C(NC3=NC=C(C=C3)N3CCNCC3)N=C2N(C2CCCC2)C1=O,CDK4,758247.0
15219,Palbociclib,DB09073,5330286.0,310265004.0,CC(=O)C1=C(C)C2=CN=C(NC3=NC=C(C=C3)N3CCNCC3)N=C2N(C2CCCC2)C1=O,CDK6,758247.0
15220,Olaparib,DB09074,,,FC1=CC=C(CC2=NNC(=O)C3=CC=CC=C23)C=C1C(=O)N1CCN(CC1)C(=O)C1CC1,PARP1,747856.0
15221,Olaparib,DB09074,,,FC1=CC=C(CC2=NNC(=O)C3=CC=CC=C23)C=C1C(=O)N1CCN(CC1)C(=O)C1CC1,PARP1,753686.0
15222,Olaparib,DB09074,,,FC1=CC=C(CC2=NNC(=O)C3=CC=CC=C23)C=C1C(=O)N1CCN(CC1)C(=O)C1CC1,PARP2,747856.0
15223,Olaparib,DB09074,,,FC1=CC=C(CC2=NNC(=O)C3=CC=CC=C23)C=C1C(=O)N1CCN(CC1)C(=O)C1CC1,PARP2,753686.0
15224,Olaparib,DB09074,,,FC1=CC=C(CC2=NNC(=O)C3=CC=CC=C23)C=C1C(=O)N1CCN(CC1)C(=O)C1CC1,PARP3,747856.0
15225,Olaparib,DB09074,,,FC1=CC=C(CC2=NNC(=O)C3=CC=CC=C23)C=C1C(=O)N1CCN(CC1)C(=O)C1CC1,PARP3,753686.0
15226,Olaparib,DB09074,,,FC1=CC=C(CC2=NNC(=O)C3=CC=CC=C23)C=C1C(=O)N1CCN(CC1)C(=O)C1CC1,AKR1C3,747856.0
15227,Olaparib,DB09074,,,FC1=CC=C(CC2=NNC(=O)C3=CC=CC=C23)C=C1C(=O)N1CCN(CC1)C(=O)C1CC1,AKR1C3,753686.0
15234,Lenvatinib,DB09078,9823820.0,310265006.0,COC1=C(C=C2C(OC3=CC=C(NC(=O)NC4CC4)C(Cl)=C3)=CC=NC2=C1)C(N)=O,FLT1,755980.0
15235,Lenvatinib,DB09078,9823820.0,310265006.0,COC1=C(C=C2C(OC3=CC=C(NC(=O)NC4CC4)C(Cl)=C3)=CC=NC2=C1)C(N)=O,KDR,755980.0
15236,Lenvatinib,DB09078,9823820.0,310265006.0,COC1=C(C=C2C(OC3=CC=C(NC(=O)NC4CC4)C(Cl)=C3)=CC=NC2=C1)C(N)=O,FLT4,755980.0
15237,Lenvatinib,DB09078,9823820.0,310265006.0,COC1=C(C=C2C(OC3=CC=C(NC(=O)NC4CC4)C(Cl)=C3)=CC=NC2=C1)C(N)=O,FGFR1,755980.0
15238,Lenvatinib,DB09078,9823820.0,310265006.0,COC1=C(C=C2C(OC3=CC=C(NC(=O)NC4CC4)C(Cl)=C3)=CC=NC2=C1)C(N)=O,FGFR2,755980.0
15239,Lenvatinib,DB09078,9823820.0,310265006.0,COC1=C(C=C2C(OC3=CC=C(NC(=O)NC4CC4)C(Cl)=C3)=CC=NC2=C1)C(N)=O,FGFR3,755980.0
15240,Lenvatinib,DB09078,9823820.0,310265006.0,COC1=C(C=C2C(OC3=CC=C(NC(=O)NC4CC4)C(Cl)=C3)=CC=NC2=C1)C(N)=O,FGFR4,755980.0
15241,Lenvatinib,DB09078,9823820.0,310265006.0,COC1=C(C=C2C(OC3=CC=C(NC(=O)NC4CC4)C(Cl)=C3)=CC=NC2=C1)C(N)=O,PDGFRA,755980.0
15242,Lenvatinib,DB09078,9823820.0,310265006.0,COC1=C(C=C2C(OC3=CC=C(NC(=O)NC4CC4)C(Cl)=C3)=CC=NC2=C1)C(N)=O,RET,755980.0
15243,Lenvatinib,DB09078,9823820.0,310265006.0,COC1=C(C=C2C(OC3=CC=C(NC(=O)NC4CC4)C(Cl)=C3)=CC=NC2=C1)C(N)=O,KIT,755980.0
15244,Nintedanib,DB09079,9809715.0,310265007.0,COC(=O)C1=CC=C2C(NC(=O)\C2=C(/NC2=CC=C(C=C2)N(C)C(=O)CN2CCN(C)CC2)C2=CC=CC=C2)=C1,FLT1,756659.0
15245,Nintedanib,DB09079,9809715.0,310265007.0,COC(=O)C1=CC=C2C(NC(=O)\C2=C(/NC2=CC=C(C=C2)N(C)C(=O)CN2CCN(C)CC2)C2=CC=CC=C2)=C1,FLT1,757442.0
15246,Nintedanib,DB09079,9809715.0,310265007.0,COC(=O)C1=CC=C2C(NC(=O)\C2=C(/NC2=CC=C(C=C2)N(C)C(=O)CN2CCN(C)CC2)C2=CC=CC=C2)=C1,KDR,756659.0
15247,Nintedanib,DB09079,9809715.0,310265007.0,COC(=O)C1=CC=C2C(NC(=O)\C2=C(/NC2=CC=C(C=C2)N(C)C(=O)CN2CCN(C)CC2)C2=CC=CC=C2)=C1,KDR,757442.0
15248,Nintedanib,DB09079,9809715.0,310265007.0,COC(=O)C1=CC=C2C(NC(=O)\C2=C(/NC2=CC=C(C=C2)N(C)C(=O)CN2CCN(C)CC2)C2=CC=CC=C2)=C1,FLT4,756659.0
15249,Nintedanib,DB09079,9809715.0,310265007.0,COC(=O)C1=CC=C2C(NC(=O)\C2=C(/NC2=CC=C(C=C2)N(C)C(=O)CN2CCN(C)CC2)C2=CC=CC=C2)=C1,FLT4,757442.0
15250,Nintedanib,DB09079,9809715.0,310265007.0,COC(=O)C1=CC=C2C(NC(=O)\C2=C(/NC2=CC=C(C=C2)N(C)C(=O)CN2CCN(C)CC2)C2=CC=CC=C2)=C1,PDGFRA,756659.0
15251,Nintedanib,DB09079,9809715.0,310265007.0,COC(=O)C1=CC=C2C(NC(=O)\C2=C(/NC2=CC=C(C=C2)N(C)C(=O)CN2CCN(C)CC2)C2=CC=CC=C2)=C1,PDGFRA,757442.0
15252,Nintedanib,DB09079,9809715.0,310265007.0,COC(=O)C1=CC=C2C(NC(=O)\C2=C(/NC2=CC=C(C=C2)N(C)C(=O)CN2CCN(C)CC2)C2=CC=CC=C2)=C1,PDGFRB,756659.0
15253,Nintedanib,DB09079,9809715.0,310265007.0,COC(=O)C1=CC=C2C(NC(=O)\C2=C(/NC2=CC=C(C=C2)N(C)C(=O)CN2CCN(C)CC2)C2=CC=CC=C2)=C1,PDGFRB,757442.0
15254,Nintedanib,DB09079,9809715.0,310265007.0,COC(=O)C1=CC=C2C(NC(=O)\C2=C(/NC2=CC=C(C=C2)N(C)C(=O)CN2CCN(C)CC2)C2=CC=CC=C2)=C1,FGFR1,756659.0
15255,Nintedanib,DB09079,9809715.0,310265007.0,COC(=O)C1=CC=C2C(NC(=O)\C2=C(/NC2=CC=C(C=C2)N(C)C(=O)CN2CCN(C)CC2)C2=CC=CC=C2)=C1,FGFR1,757442.0
15256,Nintedanib,DB09079,9809715.0,310265007.0,COC(=O)C1=CC=C2C(NC(=O)\C2=C(/NC2=CC=C(C=C2)N(C)C(=O)CN2CCN(C)CC2)C2=CC=CC=C2)=C1,FGFR2,756659.0
15257,Nintedanib,DB09079,9809715.0,310265007.0,COC(=O)C1=CC=C2C(NC(=O)\C2=C(/NC2=CC=C(C=C2)N(C)C(=O)CN2CCN(C)CC2)C2=CC=CC=C2)=C1,FGFR2,757442.0
15258,Nintedanib,DB09079,9809715.0,310265007.0,COC(=O)C1=CC=C2C(NC(=O)\C2=C(/NC2=CC=C(C=C2)N(C)C(=O)CN2CCN(C)CC2)C2=CC=CC=C2)=C1,FGFR3,756659.0
15259,Nintedanib,DB09079,9809715.0,310265007.0,COC(=O)C1=CC=C2C(NC(=O)\C2=C(/NC2=CC=C(C=C2)N(C)C(=O)CN2CCN(C)CC2)C2=CC=CC=C2)=C1,FGFR3,757442.0
15260,Nintedanib,DB09079,9809715.0,310265007.0,COC(=O)C1=CC=C2C(NC(=O)\C2=C(/NC2=CC=C(C=C2)N(C)C(=O)CN2CCN(C)CC2)C2=CC=CC=C2)=C1,FLT3,756659.0
15261,Nintedanib,DB09079,9809715.0,310265007.0,COC(=O)C1=CC=C2C(NC(=O)\C2=C(/NC2=CC=C(C=C2)N(C)C(=O)CN2CCN(C)CC2)C2=CC=CC=C2)=C1,FLT3,757442.0
15262,Nintedanib,DB09079,9809715.0,310265007.0,COC(=O)C1=CC=C2C(NC(=O)\C2=C(/NC2=CC=C(C=C2)N(C)C(=O)CN2CCN(C)CC2)C2=CC=CC=C2)=C1,LCK,756659.0
15263,Nintedanib,DB09079,9809715.0,310265007.0,COC(=O)C1=CC=C2C(NC(=O)\C2=C(/NC2=CC=C(C=C2)N(C)C(=O)CN2CCN(C)CC2)C2=CC=CC=C2)=C1,LCK,757442.0
15264,Nintedanib,DB09079,9809715.0,310265007.0,COC(=O)C1=CC=C2C(NC(=O)\C2=C(/NC2=CC=C(C=C2)N(C)C(=O)CN2CCN(C)CC2)C2=CC=CC=C2)=C1,LYN,756659.0
15265,Nintedanib,DB09079,9809715.0,310265007.0,COC(=O)C1=CC=C2C(NC(=O)\C2=C(/NC2=CC=C(C=C2)N(C)C(=O)CN2CCN(C)CC2)C2=CC=CC=C2)=C1,LYN,757442.0
15266,Nintedanib,DB09079,9809715.0,310265007.0,COC(=O)C1=CC=C2C(NC(=O)\C2=C(/NC2=CC=C(C=C2)N(C)C(=O)CN2CCN(C)CC2)C2=CC=CC=C2)=C1,SRC,756659.0
15267,Nintedanib,DB09079,9809715.0,310265007.0,COC(=O)C1=CC=C2C(NC(=O)\C2=C(/NC2=CC=C(C=C2)N(C)C(=O)CN2CCN(C)CC2)C2=CC=CC=C2)=C1,SRC,757442.0
15751,Osimertinib,DB09330,71496458.0,310265210.0,COC1=C(NC2=NC=CC(=N2)C2=CN(C)C3=C2C=CC=C3)C=C(NC(=O)C=C)C(=C1)N(C)CCN(C)C,EGFR,779217.0
15752,Osimertinib,DB09330,71496458.0,310265210.0,COC1=C(NC2=NC=CC(=N2)C2=CN(C)C3=C2C=CC=C3)C=C(NC(=O)C=C)C(=C1)N(C)CCN(C)C,EGFR,800812.0
16026,Alectinib,DB11363,49806720.0,310265230.0,CCC1=CC2=C(C=C1N1CCC(CC1)N1CCOCC1)C(C)(C)C1=C(C3=CC=C(C=C3N1)C#N)C2=O,ALK,764040.0
16027,Alectinib,DB11363,49806720.0,310265230.0,CCC1=CC2=C(C=C1N1CCC(CC1)N1CCOCC1)C(C)(C)C1=C(C3=CC=C(C=C3N1)C#N)C2=O,ALK,764821.0
16065,Venetoclax,DB11581,49846579.0,347827991.0,CC1(C)CCC(CN2CCN(CC2)C2=CC=C(C(=O)NS(=O)(=O)C3=CC=C(NCC4CCOCC4)C(=C3)[N+]([O-])=O)C(OC3=CN=C4NC=CC4=C3)=C2)=C(C1)C1=CC=C(Cl)C=C1,BCL2,766270.0
16302,Tucatinib,DB11652,51039094.0,347828023.0,CC1=CC(NC2=NC=NC3=CC=C(NC4=NC(C)(C)CO4)C=C23)=CC=C1OC1=CC2=NC=NN2C=C1,ERBB2,764581.0
16304,Tucatinib,DB11652,51039094.0,347828023.0,CC1=CC(NC2=NC=NC3=CC=C(NC4=NC(C)(C)CO4)C=C23)=CC=C1OC1=CC2=NC=NN2C=C1,ERBB3,764581.0
16312,Curcumin,DB11672,969516.0,347828040.0,COC1=CC(\C=C\C(=O)CC(=O)\C=C\C2=CC(OC)=C(O)C=C2)=CC=C1O,PPARG,32982.0
16313,Curcumin,DB11672,969516.0,347828040.0,COC1=CC(\C=C\C(=O)CC(=O)\C=C\C2=CC(OC)=C(O)C=C2)=CC=C1O,VDR,32982.0
16314,Curcumin,DB11672,969516.0,347828040.0,COC1=CC(\C=C\C(=O)CC(=O)\C=C\C2=CC(OC)=C(O)C=C2)=CC=C1O,ABCC5,32982.0
16315,Curcumin,DB11672,969516.0,347828040.0,COC1=CC(\C=C\C(=O)CC(=O)\C=C\C2=CC(OC)=C(O)C=C2)=CC=C1O,CBR1,32982.0
16316,Curcumin,DB11672,969516.0,347828040.0,COC1=CC(\C=C\C(=O)CC(=O)\C=C\C2=CC(OC)=C(O)C=C2)=CC=C1O,GSTP1,32982.0
16323,Selumetinib,DB11689,10127622.0,347828055.0,CN1C=NC2=C(F)C(NC3=C(Cl)C=C(Br)C=C3)=C(C=C12)C(=O)NOCCO,MAP2K1,741078.0
16325,Selumetinib,DB11689,10127622.0,347828055.0,CN1C=NC2=C(F)C(NC3=C(Cl)C=C(Br)C=C3)=C(C=C12)C(=O)NOCCO,MAP2K2,741078.0
16338,Acalabrutinib,DB11703,71226662.0,347828068.0,CC#CC(=O)N1CCC[C@H]1C1=NC(=C2N1C=CN=C2N)C1=CC=C(C=C1)C(=O)NC1=CC=CC=N1,BTK,791164.0
16342,Encorafenib,DB11718,50922675.0,347828081.0,COC(=O)N[C@@H](C)CNC1=NC=CC(=N1)C1=CN(N=C1C1=CC(Cl)=CC(NS(C)(=O)=O)=C1F)C(C)C,BRAF,778304.0
16343,Encorafenib,DB11718,50922675.0,347828081.0,COC(=O)N[C@@H](C)CNC1=NC=CC(=N1)C1=CN(N=C1C1=CC(Cl)=CC(NS(C)(=O)=O)=C1F)C(C)C,CCND1,778304.0
16346,Ribociclib,DB11730,44631912.0,347828089.0,CN(C)C(=O)C1=CC2=CN=C(NC3=CC=C(C=N3)N3CCNCC3)N=C2N1C1CCCC1,CDK4,778909.0
16347,Ribociclib,DB11730,44631912.0,347828089.0,CN(C)C(=O)C1=CC2=CN=C(NC3=CC=C(C=N3)N3CCNCC3)N=C2N1C1CCCC1,CDK6,778909.0
16355,MK-1775,DB11740,24856436.0,347828098.0,CN1CCN(CC1)C1=CC=C(NC2=NC=C3C(=O)N(CC=C)N(C3=N2)C2=NC(=CC=C2)C(C)(C)O)C=C1,WEE1,754352.0
16381,Talazoparib,DB11760,44819241.0,347828114.0,CN1N=CN=C1[C@@H]1[C@H](NC2=C3C1=NNC(=O)C3=CC(F)=C2)C1=CC=C(F)C=C1,PARP1,767125.0
16382,Talazoparib,DB11760,44819241.0,347828114.0,CN1N=CN=C1[C@@H]1[C@H](NC2=C3C1=NNC(=O)C3=CC(F)=C2)C1=CC=C(F)C=C1,PARP2,767125.0
16384,Spebrutinib,DB11764,59174488.0,347828118.0,COCCOC1=CC=C(NC2=NC=C(F)C(NC3=CC=CC(NC(=O)C=C)=C3)=N2)C=C1,BTK,780020.0
16392,Pilaralisib,DB11772,56599306.0,347828124.0,COC1=CC=C(Cl)C(NC2=C(NS(=O)(=O)C3=CC(NC(=O)C(C)(C)N)=CC=C3)N=C3C=CC=CC3=N2)=C1,PIK3CA,791227.0
16401,Tivozanib,DB11800,9911830.0,347828149.0,COC1=C(OC)C=C2C(OC3=CC(Cl)=C(NC(=O)NC4=NOC(C)=C4)C=C3)=CC=NC2=C1,FLT1,758007.0
16403,Tivozanib,DB11800,9911830.0,347828149.0,COC1=C(OC)C=C2C(OC3=CC(Cl)=C(NC(=O)NC4=NOC(C)=C4)C=C3)=CC=NC2=C1,KDR,758007.0
16405,Tivozanib,DB11800,9911830.0,347828149.0,COC1=C(OC)C=C2C(OC3=CC(Cl)=C(NC(=O)NC4=NOC(C)=C4)C=C3)=CC=NC2=C1,FLT4,758007.0
16407,Tivozanib,DB11800,9911830.0,347828149.0,COC1=C(OC)C=C2C(OC3=CC(Cl)=C(NC(=O)NC4=NOC(C)=C4)C=C3)=CC=NC2=C1,KIT,758007.0
16409,Tivozanib,DB11800,9911830.0,347828149.0,COC1=C(OC)C=C2C(OC3=CC(Cl)=C(NC(=O)NC4=NOC(C)=C4)C=C3)=CC=NC2=C1,PDGFRB,758007.0
16411,Tivozanib,DB11800,9911830.0,347828149.0,COC1=C(OC)C=C2C(OC3=CC(Cl)=C(NC(=O)NC4=NOC(C)=C4)C=C3)=CC=NC2=C1,FLT3,758007.0
16413,Tivozanib,DB11800,9911830.0,347828149.0,COC1=C(OC)C=C2C(OC3=CC(Cl)=C(NC(=O)NC4=NOC(C)=C4)C=C3)=CC=NC2=C1,PDGFRA,758007.0
16415,Tivozanib,DB11800,9911830.0,347828149.0,COC1=C(OC)C=C2C(OC3=CC(Cl)=C(NC(=O)NC4=NOC(C)=C4)C=C3)=CC=NC2=C1,PTK6,758007.0
16417,Tivozanib,DB11800,9911830.0,347828149.0,COC1=C(OC)C=C2C(OC3=CC(Cl)=C(NC(=O)NC4=NOC(C)=C4)C=C3)=CC=NC2=C1,TEK,758007.0
16419,Tivozanib,DB11800,9911830.0,347828149.0,COC1=C(OC)C=C2C(OC3=CC(Cl)=C(NC(=O)NC4=NOC(C)=C4)C=C3)=CC=NC2=C1,FGFR1,758007.0
16421,Tivozanib,DB11800,9911830.0,347828149.0,COC1=C(OC)C=C2C(OC3=CC(Cl)=C(NC(=O)NC4=NOC(C)=C4)C=C3)=CC=NC2=C1,MET,758007.0
16434,Neratinib,DB11828,9915743.0,347828174.0,CCOC1=C(NC(=O)\C=C\CN(C)C)C=C2C(NC3=CC=C(OCC4=CC=CC=N4)C(Cl)=C3)=C(C=NC2=C1)C#N,EGFR,757439.0
16436,Mocetinostat,DB11830,9865515.0,347828176.0,NC1=CC=CC=C1NC(=O)C1=CC=C(CNC2=NC=CC(=N2)C2=CC=CN=C2)C=C1,HDAC1,760143.0
16437,Mocetinostat,DB11830,9865515.0,347828176.0,NC1=CC=CC=C1NC(=O)C1=CC=C(CNC2=NC=CC(=N2)C2=CC=CN=C2)C=C1,HDAC3,760143.0
16438,Mocetinostat,DB11830,9865515.0,347828176.0,NC1=CC=CC=C1NC(=O)C1=CC=C(CNC2=NC=CC(=N2)C2=CC=CN=C2)C=C1,HDAC2,760143.0
16445,Entinostat,DB11841,4261.0,347828185.0,NC1=CC=CC=C1NC(=O)C1=CC=C(CNC(=O)OCC2=CN=CC=C2)C=C1,HDAC1,706995.0
16446,Entinostat,DB11841,4261.0,347828185.0,NC1=CC=CC=C1NC(=O)C1=CC=C(CNC(=O)OCC2=CN=CC=C2)C=C1,HDAC1,756642.0
16457,Infigratinib,DB11886,53235510.0,347828222.0,CCN1CCN(CC1)C1=CC=C(NC2=CC(=NC=N2)N(C)C(=O)NC2=C(Cl)C(OC)=CC(OC)=C2Cl)C=C1,FGFR1,764487.0
16458,Infigratinib,DB11886,53235510.0,347828222.0,CCN1CCN(CC1)C1=CC=C(NC2=CC(=NC=N2)N(C)C(=O)NC2=C(Cl)C(OC)=CC(OC)=C2Cl)C=C1,FGFR2,764487.0
16459,Infigratinib,DB11886,53235510.0,347828222.0,CCN1CCN(CC1)C1=CC=C(NC2=CC(=NC=N2)N(C)C(=O)NC2=C(Cl)C(OC)=CC(OC)=C2Cl)C=C1,FGFR3,764487.0
16460,Infigratinib,DB11886,53235510.0,347828222.0,CCN1CCN(CC1)C1=CC=C(NC2=CC(=NC=N2)N(C)C(=O)NC2=C(Cl)C(OC)=CC(OC)=C2Cl)C=C1,FGFR4,764487.0
16481,Duvelisib,DB11952,50905713.0,347828278.0,C[C@H](NC1=C2N=CNC2=NC=N1)C1=CC2=CC=CC(Cl)=C2C(=O)N1C1=CC=CC=C1,PIK3CG,772469.0
16482,Duvelisib,DB11952,50905713.0,347828278.0,C[C@H](NC1=C2N=CNC2=NC=N1)C1=CC2=CC=CC(Cl)=C2C(=O)N1C1=CC=CC=C1,PIK3CD,772469.0
16483,GSK-1059615,DB11962,23582824.0,347828286.0,O=C1NC(=O)\C(S1)=C\C1=CC=C2N=CC=C(C3=CC=NC=C3)C2=C1,MTOR,801012.0
16484,GSK-1059615,DB11962,23582824.0,347828286.0,O=C1NC(=O)\C(S1)=C\C1=CC=C2N=CC=C(C3=CC=NC=C3)C2=C1,PIK3C3,801012.0
16485,Dacomitinib,DB11963,11511120.0,347828287.0,COC1=C(NC(=O)\C=C\CN2CCCCC2)C=C2C(NC3=CC(Cl)=C(F)C=C3)=NC=NC2=C1,EGFR,765888.0
16487,Binimetinib,DB11967,10288191.0,347828291.0,CN1C=NC2=C(F)C(NC3=CC=C(Br)C=C3F)=C(C=C12)C(=O)NOCCO,MAP3K1,764042.0
16489,Binimetinib,DB11967,10288191.0,347828291.0,CN1C=NC2=C(F)C(NC3=CC=C(Br)C=C3F)=C(C=C12)C(=O)NOCCO,MAP2K2,764042.0
16491,Binimetinib,DB11967,10288191.0,347828291.0,CN1C=NC2=C(F)C(NC3=CC=C(Br)C=C3F)=C(C=C12)C(=O)NOCCO,IL6,764042.0
16493,Binimetinib,DB11967,10288191.0,347828291.0,CN1C=NC2=C(F)C(NC3=CC=C(Br)C=C3F)=C(C=C12)C(=O)NOCCO,TNF,764042.0
16495,Binimetinib,DB11967,10288191.0,347828291.0,CN1C=NC2=C(F)C(NC3=CC=C(Br)C=C3F)=C(C=C12)C(=O)NOCCO,IL1B,764042.0
16497,Tesevatinib,DB11973,10458325.0,347828296.0,COC1=C(OC[C@H]2C[C@H]3CN(C)C[C@H]3C2)C=C2N=CN=C(NC3=CC=C(Cl)C(Cl)=C3F)C2=C1,EGF,776762.0
16500,Tesevatinib,DB11973,10458325.0,347828296.0,COC1=C(OC[C@H]2C[C@H]3CN(C)C[C@H]3C2)C=C2N=CN=C(NC3=CC=C(Cl)C(Cl)=C3F)C2=C1,EPHB4,776762.0
16503,Tesevatinib,DB11973,10458325.0,347828296.0,COC1=C(OC[C@H]2C[C@H]3CN(C)C[C@H]3C2)C=C2N=CN=C(NC3=CC=C(Cl)C(Cl)=C3F)C2=C1,ERBB2,776762.0
16509,Entrectinib,DB11986,25141092.0,347828307.0,CN1CCN(CC1)C1=CC=C(C(=O)NC2=NNC3=CC=C(CC4=CC(F)=CC(F)=C4)C=C23)C(NC2CCOCC2)=C1,NTRK1,774769.0
16511,Entrectinib,DB11986,25141092.0,347828307.0,CN1CCN(CC1)C1=CC=C(C(=O)NC2=NNC3=CC=C(CC4=CC(F)=CC(F)=C4)C=C23)C(NC2CCOCC2)=C1,NTRK3,774769.0
16513,Entrectinib,DB11986,25141092.0,347828307.0,CN1CCN(CC1)C1=CC=C(C(=O)NC2=NNC3=CC=C(CC4=CC(F)=CC(F)=C4)C=C23)C(NC2CCOCC2)=C1,ROS1,774769.0
16515,Entrectinib,DB11986,25141092.0,347828307.0,CN1CCN(CC1)C1=CC=C(C(=O)NC2=NNC3=CC=C(CC4=CC(F)=CC(F)=C4)C=C23)C(NC2CCOCC2)=C1,NTRK2,774769.0
16517,Entrectinib,DB11986,25141092.0,347828307.0,CN1CCN(CC1)C1=CC=C(C(=O)NC2=NNC3=CC=C(CC4=CC(F)=CC(F)=C4)C=C23)C(NC2CCOCC2)=C1,JAK2,774769.0
16519,Entrectinib,DB11986,25141092.0,347828307.0,CN1CCN(CC1)C1=CC=C(C(=O)NC2=NNC3=CC=C(CC4=CC(F)=CC(F)=C4)C=C23)C(NC2CCOCC2)=C1,TNK2,774769.0
16533,Abemaciclib,DB12001,46220502.0,347828320.0,CCN1CCN(CC2=CC=C(NC3=NC=C(F)C(=N3)C3=CC(F)=C4N=C(C)N(C(C)C)C4=C3)N=C2)CC1,CDK4,768073.0
16534,Abemaciclib,DB12001,46220502.0,347828320.0,CCN1CCN(CC2=CC=C(NC3=NC=C(F)C(=N3)C3=CC(F)=C4N=C(C)N(C(C)C)C4=C3)N=C2)CC1,CDK6,768073.0
16537,Prexasertib,DB12008,46700756.0,347828326.0,COC1=CC=CC(OCCCN)=C1C1=CC(NC2=CN=C(C=N2)C#N)=NN1,CHEK1,758257.0
16837,Alpelisib,DB12015,56649450.0,347828332.0,CC1=C(SC(NC(=O)N2CCC[C@H]2C(N)=O)=N1)C1=CC(=NC=C1)C(C)(C)C(F)(F)F,PIK3CA,765974.0
16850,Volasertib,DB12062,10461508.0,347828371.0,CC[C@H]1N(C(C)C)C2=NC(NC3=CC=C(C=C3OC)C(=O)N[C@H]3CC[C@@H](CC3)N3CCN(CC4CC4)CC3)=NC=C2N(C)C1=O,PLK1,757149.0
16872,Poziotinib,DB12114,25127713.0,347828415.0,COC1=C(OC2CCN(CC2)C(=O)C=C)C=C2C(NC3=CC=C(Cl)C(Cl)=C3F)=NC=NC2=C1,EGFR,783296.0
16879,Entospletinib,DB12121,59473233.0,347828420.0,C1CN(CCO1)C1=CC=C(NC2=NC(=CN3C=CN=C23)C2=CC3=C(C=NN3)C=C2)C=C1,SYK,781516.0
16882,Lorlatinib,DB12130,71731823.0,347828429.0,C[C@H]1OC2=C(N)N=CC(=C2)C2=C(C#N)N(C)N=C2CN(C)C(=O)C2=C1C=C(F)C=C2,ALK,780108.0
16886,Gilteritinib,DB12141,49803313.0,347828438.0,CCC1=C(NC2CCOCC2)N=C(NC2=CC=C(N3CCC(CC3)N3CCN(C)CC3)C(OC)=C2)C(=N1)C(N)=O,FLT3,787846.0
16889,Gilteritinib,DB12141,49803313.0,347828438.0,CCC1=C(NC2CCOCC2)N=C(NC2=CC=C(N3CCC(CC3)N3CCN(C)CC3)C(OC)=C2)C(=N1)C(N)=O,AXL,787846.0
16892,Gilteritinib,DB12141,49803313.0,347828438.0,CCC1=C(NC2CCOCC2)N=C(NC2=CC=C(N3CCC(CC3)N3CCN(C)CC3)C(OC)=C2)C(=N1)C(N)=O,ALK,787846.0
16895,Gilteritinib,DB12141,49803313.0,347828438.0,CCC1=C(NC2CCOCC2)N=C(NC2=CC=C(N3CCC(CC3)N3CCN(C)CC3)C(OC)=C2)C(=N1)C(N)=O,HTR1A,787846.0
16898,Erdafitinib,DB12147,67462786.0,347828443.0,COC1=CC(=CC(OC)=C1)N(CCNC(C)C)C1=CC=C2N=CC(=NC2=C1)C1=CN(C)N=C1,FGFR1,781556.0
16899,Erdafitinib,DB12147,67462786.0,347828443.0,COC1=CC(=CC(OC)=C1)N(CCNC(C)C)C1=CC=C2N=CC(=NC2=C1)C1=CN(C)N=C1,FGFR2,781556.0
16900,Erdafitinib,DB12147,67462786.0,347828443.0,COC1=CC(=CC(OC)=C1)N(CCNC(C)C)C1=CC=C2N=CC(=NC2=C1)C1=CN(C)N=C1,FGFR3,781556.0
16901,Erdafitinib,DB12147,67462786.0,347828443.0,COC1=CC(=CC(OC)=C1)N(CCNC(C)C)C1=CC=C2N=CC(=NC2=C1)C1=CN(C)N=C1,FGFR4,781556.0
16902,Erdafitinib,DB12147,67462786.0,347828443.0,COC1=CC(=CC(OC)=C1)N(CCNC(C)C)C1=CC=C2N=CC(=NC2=C1)C1=CN(C)N=C1,RET,781556.0
16903,Erdafitinib,DB12147,67462786.0,347828443.0,COC1=CC(=CC(OC)=C1)N(CCNC(C)C)C1=CC=C2N=CC(=NC2=C1)C1=CN(C)N=C1,CSF1R,781556.0
16904,Erdafitinib,DB12147,67462786.0,347828443.0,COC1=CC(=CC(OC)=C1)N(CCNC(C)C)C1=CC=C2N=CC(=NC2=C1)C1=CN(C)N=C1,PDGFRA,781556.0
16905,Erdafitinib,DB12147,67462786.0,347828443.0,COC1=CC(=CC(OC)=C1)N(CCNC(C)C)C1=CC=C2N=CC(=NC2=C1)C1=CN(C)N=C1,PDGFRB,781556.0
16906,Erdafitinib,DB12147,67462786.0,347828443.0,COC1=CC(=CC(OC)=C1)N(CCNC(C)C)C1=CC=C2N=CC(=NC2=C1)C1=CN(C)N=C1,KIT,781556.0
16907,Erdafitinib,DB12147,67462786.0,347828443.0,COC1=CC(=CC(OC)=C1)N(CCNC(C)C)C1=CC=C2N=CC(=NC2=C1)C1=CN(C)N=C1,KDR,781556.0
16922,Tivantinib,DB12200,11494412.0,347828485.0,O=C1NC(=O)[C@H]([C@@H]1C1=CNC2=CC=CC=C12)C1=CN2CCCC3=C2C1=CC=C3,MET,758242.0
16939,Brigatinib,DB12267,68165256.0,347828538.0,COC1=CC(=CC=C1NC1=NC=C(Cl)C(NC2=CC=CC=C2P(C)(C)=O)=N1)N1CCC(CC1)N1CCN(C)CC1,ALK,787457.0
16940,Brigatinib,DB12267,68165256.0,347828538.0,COC1=CC(=CC=C1NC1=NC=C(Cl)C(NC2=CC=CC=C2P(C)(C)=O)=N1)N1CCC(CC1)N1CCN(C)CC1,EGFR,787457.0
16941,Brigatinib,DB12267,68165256.0,347828538.0,COC1=CC(=CC=C1NC1=NC=C(Cl)C(NC2=CC=CC=C2P(C)(C)=O)=N1)N1CCC(CC1)N1CCN(C)CC1,ABL1,787457.0
16942,Brigatinib,DB12267,68165256.0,347828538.0,COC1=CC(=CC=C1NC1=NC=C(Cl)C(NC2=CC=CC=C2P(C)(C)=O)=N1)N1CCC(CC1)N1CCN(C)CC1,IGF1R,787457.0
16943,Brigatinib,DB12267,68165256.0,347828538.0,COC1=CC(=CC=C1NC1=NC=C(Cl)C(NC2=CC=CC=C2P(C)(C)=O)=N1)N1CCC(CC1)N1CCN(C)CC1,FLT3,787457.0
16944,Brigatinib,DB12267,68165256.0,347828538.0,COC1=CC(=CC=C1NC1=NC=C(Cl)C(NC2=CC=CC=C2P(C)(C)=O)=N1)N1CCC(CC1)N1CCN(C)CC1,INSR,787457.0
16945,Brigatinib,DB12267,68165256.0,347828538.0,COC1=CC(=CC=C1NC1=NC=C(Cl)C(NC2=CC=CC=C2P(C)(C)=O)=N1)N1CCC(CC1)N1CCN(C)CC1,MET,787457.0
16946,Brigatinib,DB12267,68165256.0,347828538.0,COC1=CC(=CC=C1NC1=NC=C(Cl)C(NC2=CC=CC=C2P(C)(C)=O)=N1)N1CCC(CC1)N1CCN(C)CC1,ERBB4,787457.0
16947,Brigatinib,DB12267,68165256.0,347828538.0,COC1=CC(=CC=C1NC1=NC=C(Cl)C(NC2=CC=CC=C2P(C)(C)=O)=N1)N1CCC(CC1)N1CCN(C)CC1,ERBB2,787457.0
16964,Foretinib,DB12307,42642645.0,347828572.0,COC1=C(OCCCN2CCOCC2)C=C2N=CC=C(OC3=CC=C(NC(=O)C4(CC4)C(=O)NC4=CC=C(F)C=C4)C=C3F)C2=C1,HGF,755775.0
16966,Foretinib,DB12307,42642645.0,347828572.0,COC1=C(OCCCN2CCOCC2)C=C2N=CC=C(OC3=CC=C(NC(=O)C4(CC4)C(=O)NC4=CC=C(F)C=C4)C=C3F)C2=C1,KDR,755775.0
16982,Navitoclax,DB12340,24978538.0,347828599.0,[H][C@@](CCN1CCOCC1)(CSC1=CC=CC=C1)NC1=C(C=C(C=C1)S(=O)(=O)NC(=O)C1=CC=C(C=C1)N1CCN(CC2=C(CCC(C)(C)C2)C2=CC=C(Cl)C=C2)CC1)S(=O)(=O)C(F)(F)F,BCL2,759659.0
16983,Navitoclax,DB12340,24978538.0,347828599.0,[H][C@@](CCN1CCOCC1)(CSC1=CC=CC=C1)NC1=C(C=C(C=C1)S(=O)(=O)NC(=O)C1=CC=C(C=C1)N1CCN(CC2=C(CCC(C)(C)C2)C2=CC=C(Cl)C=C2)CC1)S(=O)(=O)C(F)(F)F,BCL2L2,759659.0
16984,Navitoclax,DB12340,24978538.0,347828599.0,[H][C@@](CCN1CCOCC1)(CSC1=CC=CC=C1)NC1=C(C=C(C=C1)S(=O)(=O)NC(=O)C1=CC=C(C=C1)N1CCN(CC2=C(CCC(C)(C)C2)C2=CC=C(Cl)C=C2)CC1)S(=O)(=O)C(F)(F)F,BAD,759659.0
17020,Copanlisib,DB12483,24989044.0,347828721.0,COC1=C(OCCCN2CCOCC2)C=CC2=C1N=C(NC(=O)C1=CN=C(N)N=C1)N1CCN=C21,PIK3CA,760443.0
17022,Copanlisib,DB12483,24989044.0,347828721.0,COC1=C(OCCCN2CCOCC2)C=CC2=C1N=C(NC(=O)C1=CN=C(N)N=C1)N1CCN=C21,PIK3CA,809693.0
17024,Copanlisib,DB12483,24989044.0,347828721.0,COC1=C(OCCCN2CCOCC2)C=CC2=C1N=C(NC(=O)C1=CN=C(N)N=C1)N1CCN=C21,PIK3CD,760443.0
17026,Copanlisib,DB12483,24989044.0,347828721.0,COC1=C(OCCCN2CCOCC2)C=CC2=C1N=C(NC(=O)C1=CN=C(N)N=C1)N1CCN=C21,PIK3CD,809693.0
17031,Fedratinib,DB12500,16722836.0,347828733.0,CC1=CN=C(NC2=CC=C(OCCN3CCCC3)C=C2)N=C1NC1=CC=CC(=C1)S(=O)(=O)NC(C)(C)C,JAK2,767600.0
17033,Fedratinib,DB12500,16722836.0,347828733.0,CC1=CN=C(NC2=CC=C(OCCN3CCCC3)C=C2)N=C1NC1=CC=CC(=C1)S(=O)(=O)NC(C)(C)C,FLT3,767600.0
17035,Fedratinib,DB12500,16722836.0,347828733.0,CC1=CN=C(NC2=CC=C(OCCN3CCCC3)C=C2)N=C1NC1=CC=CC(=C1)S(=O)(=O)NC(C)(C)C,JAK1,767600.0
17049,MK-5108,DB12556,24748204.0,347828780.0,OC(=O)[C@@]1(CC2=CC=CC(NC3=NC=CS3)=N2)CC[C@@H](CC1)OC1=C(F)C(Cl)=CC=C1,AURKA,773262.0
17050,Abexinostat,DB12565,11749858.0,347828788.0,CN(C)CC1=C(OC2=CC=CC=C12)C(=O)NCCOC1=CC=C(C=C1)C(=O)NO,HDAC1,764136.0
17055,Asciminib,DB12597,72165228.0,347828815.0,O[C@@H]1CCN(C1)C1=C(C=C(C=N1)C(=O)NC1=CC=C(OC(F)(F)Cl)C=C1)C1=CC=NN1,ABL1,789925.0
17063,PF-477736,DB12611,16750408.0,347828825.0,CN1C=C(C=N1)C1=C2C=NNC(=O)C3=C2C(N1)=CC(NC(=O)[C@H](N)C1CCCCC1)=C3,CHEK1,763444.0
17136,Daporinad,DB12731,6914657.0,347828925.0,O=C(NCCCCC1CCN(CC1)C(=O)C1=CC=CC=C1)\C=C\C1=CC=CN=C1,NAMPT,777194.0
17139,Amuvatinib,DB12742,11282283.0,347828932.0,S=C(NCC1=CC=C2OCOC2=C1)N1CCN(CC1)C1=NC=NC2=C1OC1=C2C=CC=C1,KIT,754349.0
17140,Amuvatinib,DB12742,11282283.0,347828932.0,S=C(NCC1=CC=C2OCOC2=C1)N1CCN(CC1)C1=NC=NC2=C1OC1=C2C=CC=C1,MET,754349.0
17141,Amuvatinib,DB12742,11282283.0,347828932.0,S=C(NCC1=CC=C2OCOC2=C1)N1CCN(CC1)C1=NC=NC2=C1OC1=C2C=CC=C1,RET,754349.0
17142,Amuvatinib,DB12742,11282283.0,347828932.0,S=C(NCC1=CC=C2OCOC2=C1)N1CCN(CC1)C1=NC=NC2=C1OC1=C2C=CC=C1,PDGFRA,754349.0
17143,Amuvatinib,DB12742,11282283.0,347828932.0,S=C(NCC1=CC=C2OCOC2=C1)N1CCN(CC1)C1=NC=NC2=C1OC1=C2C=CC=C1,FLT3,754349.0
17144,Amuvatinib,DB12742,11282283.0,347828932.0,S=C(NCC1=CC=C2OCOC2=C1)N1CCN(CC1)C1=NC=NC2=C1OC1=C2C=CC=C1,RAD51,754349.0
17147,TAK-901,DB12756,16124208.0,347828943.0,CCS(=O)(=O)C1=CC=CC(=C1)C1=CC(C(=O)NC2CCN(C)CC2)=C(C)C2=C1C1=C(N2)N=CC(C)=C1,AURKB,762151.0
17149,TAK-901,DB12756,16124208.0,347828943.0,CCS(=O)(=O)C1=CC=CC(=C1)C1=CC(C(=O)NC2CCN(C)CC2)=C(C)C2=C1C1=C(N2)N=CC(C)=C1,BAX,762151.0
17186,Quizartinib,DB12874,24889392.0,347829030.0,CC(C)(C)C1=CC(NC(=O)NC2=CC=C(C=C2)C2=CN3C(SC4=C3C=CC(OCCN3CCOCC3)=C4)=N2)=NO1,FLT3,756647.0
17216,Carbendazim,DB13009,25429.0,347829145.0,COC(=O)NC1=NC2=CC=CC=C2N1,AHR,109874.0
17276,Olmutinib,DB13164,54758501.0,347829271.0,CN1CCN(CC1)C1=CC=C(NC2=NC(OC3=CC=CC(NC(=O)C=C)=C3)=C3SC=CC3=N2)C=C1,EGFR,792848.0
17391,Ulixertinib,DB13930,,,[H]N([C@H](CO)C1=CC(Cl)=CC=C1)C(=O)C1=CC(=CN1[H])C1=CC(=NC=C1Cl)N([H])C(C)C,MAPK3,797771.0
17393,Ulixertinib,DB13930,,,[H]N([C@H](CO)C1=CC(Cl)=CC=C1)C(=O)C1=CC(=CN1[H])C1=CC(=NC=C1Cl)N([H])C(C)C,MAPK1,797771.0
18059,Pimasertib,DB14904,,,OC[C@@H](O)CNC(=O)C1=C(NC2=C(F)C=C(I)C=C2)C=NC=C1,MAP2K1,755763.0
18100,Tepotinib,DB15133,,,CN1CCC(COC2=CN=C(N=C2)C2=CC(CN3N=C(C=CC3=O)C3=CC(=CC=C3)C#N)=CC=C2)CC1,MET,758244.0
18101,Tepotinib,DB15133,,,CN1CCC(COC2=CN=C(N=C2)C2=CC(CN3N=C(C=CC3=O)C3=CC(=CC=C3)C#N)=CC=C2)CC1,NISCH,758244.0
18102,Tepotinib,DB15133,,,CN1CCC(COC2=CN=C(N=C2)C2=CC(CN3N=C(C=CC3=O)C3=CC(=CC=C3)C#N)=CC=C2)CC1,MTNR1B,758244.0
18103,Futibatinib,DB15149,,,COC1=CC(=CC(OC)=C1)C#CC1=NN([C@H]2CCN(C2)C(=O)C=C)C2=C1C(N)=NC=N2,FGFR1,813488.0
18104,Futibatinib,DB15149,,,COC1=CC(=CC(OC)=C1)C#CC1=NN([C@H]2CCN(C2)C(=O)C=C)C2=C1C(N)=NC=N2,FGFR2,813488.0
18105,Futibatinib,DB15149,,,COC1=CC(=CC(OC)=C1)C#CC1=NN([C@H]2CCN(C2)C(=O)C=C)C2=C1C(N)=NC=N2,FGFR3,813488.0
18106,Futibatinib,DB15149,,,COC1=CC(=CC(OC)=C1)C#CC1=NN([C@H]2CCN(C2)C(=O)C=C)C2=C1C(N)=NC=N2,FGFR4,813488.0
18116,BMS-754807,DB15399,,,C[C@]1(CCCN1C1=NN2C=CC=C2C(NC2=NNC(=C2)C2CC2)=N1)C(=O)NC1=CN=C(F)C=C1,IGF1R,758243.0
18118,BMS-754807,DB15399,,,C[C@]1(CCCN1C1=NN2C=CC=C2C(NC2=NNC(=C2)C2CC2)=N1)C(=O)NC1=CN=C(F)C=C1,INSR,758243.0
