NSC,drug,gene,num,num in journals
740,METHOTREXATE,ATIC,58,44
740,METHOTREXATE,TYMS,65,0
740,METHOTREXATE,DHFR,300,210
740,METHOTREXATE,MIR330,0,0
740,METHOTREXATE,SNORD16,0,0
752,6-THIOGUANINE,ZAP70,0,0
752,6-THIOGUANINE,PGR,1,0
752,6-THIOGUANINE,EPHB6,0,0
752,6-THIOGUANINE,LCK,0,0
752,6-THIOGUANINE,adenosine deaminase,11,6
755,6-MERCAPTOPURINE,HPRT1,4,3
755,6-MERCAPTOPURINE,PPAT,0,0
755,6-MERCAPTOPURINE,IMPDH1,8,6
755,6-MERCAPTOPURINE,CHI3L1,0,0
755,6-MERCAPTOPURINE,SNORD83B,0,0
762,Nitrogen mustard,PGR,0,0
762,Nitrogen mustard,ZAP70,2,1
762,Nitrogen mustard,adenosine deaminase,2,0
762,Nitrogen mustard,LCK,1,1
762,Nitrogen mustard,UGT1A1,0,0
1390,Allopurinol,XDH,72,37
1390,Allopurinol,DEFA1,0,0
1390,Allopurinol,SNORD16,0,0
1390,Allopurinol,MIR624,0,0
1390,Allopurinol,HBG2,0,0
1895,GUANAZOLE,RNASE1,0,0
1895,GUANAZOLE,ALDH2,0,0
1895,GUANAZOLE,GAMT,0,0
1895,GUANAZOLE,DLG4,0,0
1895,GUANAZOLE,MIR5699,0,0
3053,Actinomycin D,TOP1,3,0
3053,Actinomycin D,TOP2A,0,0
3053,Actinomycin D,MIR6807,0,0
3053,Actinomycin D,PLA2G2A,0,0
3053,Actinomycin D,SNORD83B,0,0
3088,Chlorambucil,PGR,0,0
3088,Chlorambucil,ZAP70,16,0
3088,Chlorambucil,LCK,1,1
3088,Chlorambucil,adenosine deaminase,5,0
3088,Chlorambucil,PRKCQ,0,0
6396,Thiotepa,PGR,4,0
6396,Thiotepa,ZAP70,0,0
6396,Thiotepa,LCK,0,0
6396,Thiotepa,adenosine deaminase,1,0
6396,Thiotepa,EPHB6,0,0
8806,Melphalan,PGR,9,3
8806,Melphalan,ZAP70,0,0
8806,Melphalan,adenosine deaminase,2,2
8806,Melphalan,EPHB6,0,0
8806,Melphalan,UGT1A1,0,0
9706,Triethylenemelamine,PGR,0,0
9706,Triethylenemelamine,ZAP70,0,0
9706,Triethylenemelamine,EPHB6,0,0
9706,Triethylenemelamine,LCK,0,0
9706,Triethylenemelamine,adenosine deaminase,0,0
14229,Acrichine,PGR,0,0
14229,Acrichine,ZAP70,0,0
14229,Acrichine,LCK,0,0
14229,Acrichine,EPHB6,0,0
14229,Acrichine,adenosine deaminase,2,1
19893,Fluorouracil,TYMS,220,0
19893,Fluorouracil,PLA2G2A,2,2
19893,Fluorouracil,SNORD88B,0,0
19893,Fluorouracil,MIR1231,0,0
19893,Fluorouracil,CHI3L1,4,0
24559,Mithramycin,ZAP70,0,0
24559,Mithramycin,PGR,0,0
24559,Mithramycin,EPHB6,0,0
24559,Mithramycin,adenosine deaminase,0,0
24559,Mithramycin,LCK,0,0
25154,Pipobroman,PGR,0,0
25154,Pipobroman,ZAP70,0,0
25154,Pipobroman,EPHB6,0,0
25154,Pipobroman,adenosine deaminase,0,0
25154,Pipobroman,LCK,0,0
26271,Cyclophosphamide,SNORD83B,0,0
26271,Cyclophosphamide,MIR330,0,0
26271,Cyclophosphamide,MIR5699,0,0
26271,Cyclophosphamide,CSF3,0,0
26271,Cyclophosphamide,DEFA1,0,0
26980,Mitomycin,PGR,6,0
26980,Mitomycin,ZAP70,0,0
26980,Mitomycin,EPHB6,0,0
26980,Mitomycin,adenosine deaminase,3,3
26980,Mitomycin,RET,5,0
27640,Floxuridine,TYMS,5,4
27640,Floxuridine,CSF3,0,0
27640,Floxuridine,HBG2,0,0
27640,Floxuridine,MIR641,0,0
27640,Floxuridine,SNORD16,0,0
32065,Hydroxyurea,RRM1,12,9
32065,Hydroxyurea,SNORD16,0,0
32065,Hydroxyurea,RNASE2,0,0
32065,Hydroxyurea,KRT14,0,0
32065,Hydroxyurea,MIR641,0,0
34462,Uracil mustard,PGR,0,0
34462,Uracil mustard,ZAP70,0,0
34462,Uracil mustard,EPHB6,0,0
34462,Uracil mustard,LCK,0,0
34462,Uracil mustard,adenosine deaminase,0,0
38721,Mitotane,PGR,0,0
38721,Mitotane,ESR1,0,0
38721,Mitotane,FDX1,0,0
38721,Mitotane,AR,4,0
38721,Mitotane,CYP11B1,12,7
45388,DACARBAZINE,PGD,0,0
45388,DACARBAZINE,POLA2,0,0
45388,DACARBAZINE,MIR641,0,0
45388,DACARBAZINE,SNORD16,0,0
45388,DACARBAZINE,HBG1,0,0
51143,Pyrazoloimidazole,PGR,0,0
51143,Pyrazoloimidazole,ZAP70,0,0
51143,Pyrazoloimidazole,EPHB6,0,0
51143,Pyrazoloimidazole,LCK,0,0
51143,Pyrazoloimidazole,adenosine deaminase,3,3
56410,PORFIROMYCIN,PGR,0,0
56410,PORFIROMYCIN,ZAP70,0,0
56410,PORFIROMYCIN,EPHB6,0,0
56410,PORFIROMYCIN,LCK,0,0
56410,PORFIROMYCIN,adenosine deaminase,0,0
63878,Cytarabine,POLB,2,0
63878,Cytarabine,SNORD83B,0,0
63878,Cytarabine,DEFA3,0,0
63878,Cytarabine,CHI3L1,0,0
63878,Cytarabine,MIR455,0,0
63984,Cordycepin,PGR,0,0
63984,Cordycepin,ZAP70,1,1
63984,Cordycepin,EPHB6,0,0
63984,Cordycepin,LCK,0,0
63984,Cordycepin,adenosine deaminase,48,0
71261,Beta-Thioguanine Deoxyriboside,ZAP70,0,0
71261,Beta-Thioguanine Deoxyriboside,PGR,0,0
71261,Beta-Thioguanine Deoxyriboside,LCK,0,0
71261,Beta-Thioguanine Deoxyriboside,adenosine deaminase,0,0
71261,Beta-Thioguanine Deoxyriboside,EPHB6,0,0
71795,ELLIPTICINE,PGR,0,0
71795,ELLIPTICINE,ZAP70,0,0
71795,ELLIPTICINE,LCK,0,0
71795,ELLIPTICINE,EPHB6,0,0
71795,ELLIPTICINE,adenosine deaminase,0,0
71851,A-TGdR,PGR,0,0
71851,A-TGdR,ZAP70,0,0
71851,A-TGdR,EPHB6,0,0
71851,A-TGdR,LCK,0,0
71851,A-TGdR,UGT1A1,0,0
73754,Fluorodopan,ZAP70,0,0
73754,Fluorodopan,PGR,0,0
73754,Fluorodopan,EPHB6,0,0
73754,Fluorodopan,adenosine deaminase,0,0
73754,Fluorodopan,LCK,0,0
77213,Procarbazine,MAOA,2,0
77213,Procarbazine,PLA2G2A,0,0
77213,Procarbazine,MIR330,0,0
77213,Procarbazine,MIR6728,0,0
77213,Procarbazine,MMP3,0,0
79037,Lomustine,STMN4,0,0
79037,Lomustine,HBG1,0,0
79037,Lomustine,PRTN3,0,0
79037,Lomustine,MIR6807,0,0
79037,Lomustine,PLA2G2A,0,0
82151,Daunorubicin,TOP2B,21,0
82151,Daunorubicin,TOP2A,82,58
82151,Daunorubicin,MIR2278,0,0
82151,Daunorubicin,SERPINA6,1,0
82151,Daunorubicin,KRT14,0,0
83142,Daunorubicin,TOP2B,21,15
83142,Daunorubicin,TOP2A,82,0
83142,Daunorubicin,MIR455,0,0
83142,Daunorubicin,MIR3198-1,0,0
83142,Daunorubicin,KRT14,0,0
85998,STREPTOZOCIN,SLC2A2,37,0
85998,STREPTOZOCIN,CHI3L1,0,0
85998,STREPTOZOCIN,MIR2278,0,0
85998,STREPTOZOCIN,MIR6807,0,0
85998,STREPTOZOCIN,PLA2G2A,0,0
89201,Estramustine,ESR1,0,0
89201,Estramustine,MAP2,10,0
89201,Estramustine,MAP1A,1,1
89201,Estramustine,ESR2,0,0
89201,Estramustine,MPO,0,0
94600,CAMPTOTHECIN,TOP1,300,0
94600,CAMPTOTHECIN,MPO,14,11
94600,CAMPTOTHECIN,PRG2,0,0
94600,CAMPTOTHECIN,MIR330,0,0
94600,CAMPTOTHECIN,SNORD16,0,0
95382,Camptothecin Derivative,PGR,2,2
95382,Camptothecin Derivative,ZAP70,0,0
95382,Camptothecin Derivative,adenosine deaminase,2,1
95382,Camptothecin Derivative,EPHB6,0,0
95382,Camptothecin Derivative,LCK,2,2
95441,METHYL CCNU,ZAP70,0,0
95441,METHYL CCNU,PGR,0,0
95441,METHYL CCNU,adenosine deaminase,0,0
95441,METHYL CCNU,EPHB6,0,0
95441,METHYL CCNU,LCK,0,0
95466,PCNU,PGR,0,0
95466,PCNU,ZAP70,0,0
95466,PCNU,EPHB6,0,0
95466,PCNU,adenosine deaminase,0,0
95466,PCNU,RET,0,0
95678,3-HP,ZAP70,0,0
95678,3-HP,PGR,0,0
95678,3-HP,LCK,0,0
95678,3-HP,EPHB6,0,0
95678,3-HP,adenosine deaminase,0,0
100880,Camptothecin,TOP1,300,221
100880,Camptothecin,PLA2G2A,0,0
100880,Camptothecin,SNORD88B,0,0
100880,Camptothecin,MIR658,0,0
100880,Camptothecin,MIR6126,0,0
102627,Yoshi 864,PGR,0,0
102627,Yoshi 864,ZAP70,0,0
102627,Yoshi 864,EPHB6,0,0
102627,Yoshi 864,adenosine deaminase,0,0
102627,Yoshi 864,LCK,0,0
104800,Mitozolomide,PGR,0,0
104800,Mitozolomide,EPHB6,0,0
104800,Mitozolomide,LCK,0,0
104800,Mitozolomide,ZAP70,0,0
104800,Mitozolomide,adenosine deaminase,0,0
105014,Cladribine,POLE2,0,0
105014,Cladribine,POLE4,0,0
105014,Cladribine,POLE3,0,0
105014,Cladribine,RRM2B,0,0
105014,Cladribine,PNP,3,2
105132,Deoxycamptothecin,PGR,0,0
105132,Deoxycamptothecin,ZAP70,0,0
105132,Deoxycamptothecin,adenosine deaminase,0,0
105132,Deoxycamptothecin,EPHB6,0,0
105132,Deoxycamptothecin,LCK,0,0
107124,Camptothecin Derivative,ZAP70,0,0
107124,Camptothecin Derivative,PGR,2,0
107124,Camptothecin Derivative,EPHB6,0,0
107124,Camptothecin Derivative,RET,8,0
107124,Camptothecin Derivative,LCK,2,2
107392,5-HP,PGR,0,0
107392,5-HP,ZAP70,0,0
107392,5-HP,LCK,0,0
107392,5-HP,EPHB6,0,0
107392,5-HP,adenosine deaminase,0,0
109724,Ifosfamide,NR1I2,10,7
109724,Ifosfamide,PLA2G2A,0,0
109724,Ifosfamide,MPO,2,0
109724,Ifosfamide,MIR1231,0,0
109724,Ifosfamide,CHI3L1,0,0
111533,Methoxycamptothecin,ZAP70,0,0
111533,Methoxycamptothecin,PGR,0,0
111533,Methoxycamptothecin,EPHB6,0,0
111533,Methoxycamptothecin,adenosine deaminase,0,0
111533,Methoxycamptothecin,LCK,0,0
118218,Fludarabine,DCK,22,18
118218,Fludarabine,POLA1,0,0
118218,Fludarabine,RRM1,0,0
118218,Fludarabine,MPO,1,0
118218,Fludarabine,CSF3,0,0
118994,Inosine dialdehyde,ZAP70,0,0
118994,Inosine dialdehyde,PGR,0,0
118994,Inosine dialdehyde,LCK,0,0
118994,Inosine dialdehyde,adenosine deaminase,0,0
118994,Inosine dialdehyde,EPHB6,0,0
122819,Teniposide,TOP2B,2,2
122819,Teniposide,NOLC1,0,0
122819,Teniposide,TOP1,1,1
122819,Teniposide,TOP2A,6,0
122819,Teniposide,MIR6807,0,0
123127,Doxorubicin,DCK,21,0
123127,Doxorubicin,POLA1,0,0
123127,Doxorubicin,RRM1,9,0
123127,Doxorubicin,MIR641,0,0
123127,Doxorubicin,PRTN3,0,0
124463,Fludarabine,TOP2A,0,0
124463,Fludarabine,SNORD88B,0,0
124463,Fludarabine,PLA2G2A,1,1
124463,Fludarabine,MIR330,0,0
124463,Fludarabine,TYROBP,0,0
125066,Bleomycin,DNMT3A,2,0
125066,Bleomycin,DNMT3B,1,1
125066,Bleomycin,DNMT1,3,0
125066,Bleomycin,HDAC1,7,5
125066,Bleomycin,MIR2278,0,0
126771,Dichloroallyl lawsone,PGR,0,0
126771,Dichloroallyl lawsone,ZAP70,0,0
126771,Dichloroallyl lawsone,EPHB6,0,0
126771,Dichloroallyl lawsone,LCK,0,0
126771,Dichloroallyl lawsone,RET,0,0
127716,DECITABINE,PGR,5,3
127716,DECITABINE,ZAP70,3,0
127716,DECITABINE,EPHB6,1,0
127716,DECITABINE,adenosine deaminase,2,0
127716,DECITABINE,LCK,2,2
132313,Dianhydrogalactitol,PGR,0,0
132313,Dianhydrogalactitol,ZAP70,0,0
132313,Dianhydrogalactitol,EPHB6,0,0
132313,Dianhydrogalactitol,adenosine deaminase,0,0
132313,Dianhydrogalactitol,LCK,0,0
132483,Aminopterin Derivative,PGR,41,0
132483,Aminopterin Derivative,ZAP70,0,0
132483,Aminopterin Derivative,adenosine deaminase,48,0
132483,Aminopterin Derivative,EPHB6,0,0
132483,Aminopterin Derivative,PRKCQ,0,0
134033,Aminopterin Derivative,CSN3,0,0
134033,Aminopterin Derivative,ZAP70,0,0
134033,Aminopterin Derivative,PGR,41,22
134033,Aminopterin Derivative,BLK,0,0
134033,Aminopterin Derivative,ORM1,0,0
134679,Carboqone; Carbazilquinone,PGR,0,0
134679,Carboqone; Carbazilquinone,ZAP70,0,0
134679,Carboqone; Carbazilquinone,EPHB6,0,0
134679,Carboqone; Carbazilquinone,adenosine deaminase,0,0
134679,Carboqone; Carbazilquinone,UGT1A1,0,0
134727,Mitomycin,ZAP70,0,0
134727,Mitomycin,PGR,6,1
134727,Mitomycin,EPHB6,0,0
134727,Mitomycin,adenosine deaminase,3,3
134727,Mitomycin,RET,5,0
135758,Piperazinedione,PGR,0,0
135758,Piperazinedione,ZAP70,0,0
135758,Piperazinedione,EPHB6,0,0
135758,Piperazinedione,adenosine deaminase,0,0
135758,Piperazinedione,LCK,0,0
138783,Bendamustine,TOP2B,0,0
138783,Bendamustine,TOP2A,0,0
138783,Bendamustine,MIR641,0,0
138783,Bendamustine,MIR6126,0,0
138783,Bendamustine,CSF3,0,0
139105,Soluble Baker's Antifol,PGR,0,0
139105,Soluble Baker's Antifol,ZAP70,0,0
139105,Soluble Baker's Antifol,EPHB6,0,0
139105,Soluble Baker's Antifol,adenosine deaminase,0,0
139105,Soluble Baker's Antifol,LCK,0,0
141540,Etoposide,KCNH2,0,0
141540,Etoposide,ORM1,0,0
141540,Etoposide,ALB,10,0
141540,Etoposide,TOP2A,94,73
141540,Etoposide,CHI3L1,2,2
141549,M-AMSA,PGR,0,0
141549,M-AMSA,ZAP70,0,0
141549,M-AMSA,EPHB6,0,0
141549,M-AMSA,LCK,0,0
141549,M-AMSA,adenosine deaminase,2,0
143020,Mithramycin,MPO,1,1
143020,Mithramycin,IGLL5,0,0
143020,Mithramycin,MIR126,0,0
143020,Mithramycin,MIR7110,0,0
143020,Mithramycin,MIR3198-1,0,0
143095,Pyrazofurin,PGR,0,0
143095,Pyrazofurin,EPHB6,0,0
143095,Pyrazofurin,ZAP70,0,0
143095,Pyrazofurin,adenosine deaminase,2,1
143095,Pyrazofurin,LCK,0,0
145668,Ancitabine hydrochloride,ZAP70,0,0
145668,Ancitabine hydrochloride,PGR,0,0
145668,Ancitabine hydrochloride,LCK,0,0
145668,Ancitabine hydrochloride,adenosine deaminase,0,0
145668,Ancitabine hydrochloride,UGT1A1,0,0
148958,Tegafur,TYMS,12,0
148958,Tegafur,MIR6807,0,0
148958,Tegafur,CSF3,0,0
148958,Tegafur,MIR641,0,0
148958,Tegafur,PRG2,0,0
153353,L-Alanosine,PGR,0,0
153353,L-Alanosine,ZAP70,0,0
153353,L-Alanosine,adenosine deaminase,4,1
153353,L-Alanosine,EPHB6,0,0
153353,L-Alanosine,LCK,0,0
154948,M-AMSA,KCNH2,1,0
154948,M-AMSA,TOP2A,4,4
154948,M-AMSA,ORM1,0,0
154948,M-AMSA,ALB,0,0
154948,M-AMSA,MIR6728,0,0
156303,M-AMSA,KCNH2,1,1
156303,M-AMSA,ORM1,0,0
156303,M-AMSA,TOP2A,4,4
156303,M-AMSA,ALB,0,0
156303,M-AMSA,CHI3L1,0,0
163501,ACIVICIN,PGR,0,0
163501,ACIVICIN,ZAP70,0,0
163501,ACIVICIN,LCK,0,0
163501,ACIVICIN,adenosine deaminase,0,0
163501,ACIVICIN,RET,0,0
164011,Rubidazone,PGR,0,0
164011,Rubidazone,ZAP70,0,0
164011,Rubidazone,LCK,0,0
164011,Rubidazone,EPHB6,0,0
164011,Rubidazone,adenosine deaminase,0,0
167780,Asaley,PGR,0,0
167780,Asaley,ZAP70,0,0
167780,Asaley,EPHB6,0,0
167780,Asaley,adenosine deaminase,0,0
167780,Asaley,LCK,0,0
169780,Dexrazoxane,TOP2B,13,0
169780,Dexrazoxane,TOP2A,8,7
169780,Dexrazoxane,MIR6807,0,0
169780,Dexrazoxane,MPO,1,0
169780,Dexrazoxane,RNASE2,0,0
172112,Spirohydantoin Mustard,ZAP70,0,0
172112,Spirohydantoin Mustard,PGR,0,0
172112,Spirohydantoin Mustard,EPHB6,0,0
172112,Spirohydantoin Mustard,adenosine deaminase,0,0
172112,Spirohydantoin Mustard,LCK,0,0
174121,Methotrexate Derivative,PGR,57,0
174121,Methotrexate Derivative,ZAP70,0,0
174121,Methotrexate Derivative,LCK,2,0
174121,Methotrexate Derivative,EPHB6,0,0
174121,Methotrexate Derivative,adenosine deaminase,74,0
176323,Camptothecin Derivative,ZAP70,0,0
176323,Camptothecin Derivative,PGR,2,0
176323,Camptothecin Derivative,EPHB6,0,0
176323,Camptothecin Derivative,adenosine deaminase,2,0
176323,Camptothecin Derivative,LCK,2,2
178248,CHLOROZOTOCIN,PGR,0,0
178248,CHLOROZOTOCIN,ZAP70,0,0
178248,CHLOROZOTOCIN,EPHB6,0,0
178248,CHLOROZOTOCIN,LCK,0,0
178248,CHLOROZOTOCIN,adenosine deaminase,0,0
182986,AZQ,PGR,0,0
182986,AZQ,ZAP70,0,0
182986,AZQ,EPHB6,0,0
182986,AZQ,UGT1A1,0,0
182986,AZQ,adenosine deaminase,0,0
184692,Aminopterin Derivative,ZAP70,0,0
184692,Aminopterin Derivative,PGR,41,0
184692,Aminopterin Derivative,EPHB6,0,0
184692,Aminopterin Derivative,adenosine deaminase,48,0
184692,Aminopterin Derivative,RET,3,3
218321,PENTOSTATIN,adenosine deaminase,300,0
218321,PENTOSTATIN,CHI3L1,0,0
218321,PENTOSTATIN,MMP3,0,0
218321,PENTOSTATIN,DEFA1B,0,0
218321,PENTOSTATIN,MIR2278,0,0
224131,N-Phosphonacetyl-L-aspartate,ZAP70,0,0
224131,N-Phosphonacetyl-L-aspartate,PGR,0,0
224131,N-Phosphonacetyl-L-aspartate,EPHB6,0,0
224131,N-Phosphonacetyl-L-aspartate,adenosine deaminase,2,0
224131,N-Phosphonacetyl-L-aspartate,LCK,0,0
241240,Carboplatin,PGR,14,9
241240,Carboplatin,ZAP70,0,0
241240,Carboplatin,EPHB6,0,0
241240,Carboplatin,LCK,2,1
241240,Carboplatin,adenosine deaminase,4,3
246131,Valrubicin,TOP2A,0,0
246131,Valrubicin,PLA2G2A,0,0
246131,Valrubicin,ELANE,0,0
246131,Valrubicin,KRT14,0,0
246131,Valrubicin,MIR1296,0,0
249910,Camptothecin Derivative,ZAP70,0,0
249910,Camptothecin Derivative,PGR,2,0
249910,Camptothecin Derivative,EPHB6,0,0
249910,Camptothecin Derivative,adenosine deaminase,2,0
249910,Camptothecin Derivative,LCK,2,2
249992,M-AMSA,KCNH2,1,0
249992,M-AMSA,TOP2A,4,4
249992,M-AMSA,ORM1,0,0
249992,M-AMSA,ALB,0,0
249992,M-AMSA,MIR5699,0,0
256439,Idarubicin,TOP2A,4,3
256439,Idarubicin,MIR658,0,0
256439,Idarubicin,MIR6126,0,0
256439,Idarubicin,MMP3,0,0
256439,Idarubicin,KRT14,0,0
256927,CHIP,PGR,38,0
256927,CHIP,ZAP70,7,6
256927,CHIP,EPHB6,1,1
256927,CHIP,adenosine deaminase,10,6
256927,CHIP,LCK,15,11
256942,Epirubicin,LIG1,0,0
256942,Epirubicin,LIG3,0,0
256942,Epirubicin,MIR6728,0,0
256942,Epirubicin,SERPINA6,0,0
256942,Epirubicin,LOC100996324,0,0
264137,Elliptinium Acetate,ZAP70,0,0
264137,Elliptinium Acetate,PGR,0,0
264137,Elliptinium Acetate,EPHB6,0,0
264137,Elliptinium Acetate,LCK,0,0
264137,Elliptinium Acetate,ESR1,0,0
266046,Oxaliplatin,TOP2B,1,0
266046,Oxaliplatin,NOLC1,0,0
266046,Oxaliplatin,TOP1,11,0
266046,Oxaliplatin,TOP2A,5,3
266046,Oxaliplatin,MPO,3,0
267469,Deoxydoxorubicin,PGR,0,0
267469,Deoxydoxorubicin,ZAP70,0,0
267469,Deoxydoxorubicin,EPHB6,0,0
267469,Deoxydoxorubicin,LCK,0,0
267469,Deoxydoxorubicin,adenosine deaminase,0,0
268242,"N,N-Dibenzyldaunorubicin",ZAP70,0,0
268242,"N,N-Dibenzyldaunorubicin",PGR,0,0
268242,"N,N-Dibenzyldaunorubicin",EPHB6,0,0
268242,"N,N-Dibenzyldaunorubicin",adenosine deaminase,0,0
268242,"N,N-Dibenzyldaunorubicin",LCK,0,0
269148,MENOGARIL,ZAP70,0,0
269148,MENOGARIL,PGR,0,0
269148,MENOGARIL,EPHB6,0,0
269148,MENOGARIL,LCK,0,0
269148,MENOGARIL,adenosine deaminase,0,0
271674,Carboxyphthalatoplatinum,PGR,0,0
271674,Carboxyphthalatoplatinum,ZAP70,0,0
271674,Carboxyphthalatoplatinum,EPHB6,0,0
271674,Carboxyphthalatoplatinum,adenosine deaminase,0,0
271674,Carboxyphthalatoplatinum,LCK,0,0
276382,pepleo,PGR,0,0
276382,pepleo,ZAP70,0,0
276382,pepleo,adenosine deaminase,0,0
276382,pepleo,UGT1A1,0,0
276382,pepleo,LCK,0,0
279836,MITOXANTRONE,TOP2A,13,12
279836,MITOXANTRONE,PLA2G2A,0,0
279836,MITOXANTRONE,MIR1231,0,0
279836,MITOXANTRONE,MIR641,0,0
279836,MITOXANTRONE,SNORD16,0,0
281612,benzaldehyde (BEN),PGR,1,0
281612,benzaldehyde (BEN),ZAP70,0,0
281612,benzaldehyde (BEN),EPHB6,0,0
281612,benzaldehyde (BEN),LCK,1,0
281612,benzaldehyde (BEN),adenosine deaminase,1,0
287459,Cytarabine,POLB,2,0
287459,Cytarabine,PLA2G2A,0,0
287459,Cytarabine,MIR330,1,0
287459,Cytarabine,KRT14,0,0
287459,Cytarabine,SNORD32A,0,0
295499,Camptothecin Derivative,PGR,2,0
295499,Camptothecin Derivative,ZAP70,0,0
295499,Camptothecin Derivative,LCK,2,0
295499,Camptothecin Derivative,adenosine deaminase,2,1
295499,Camptothecin Derivative,EPHB6,0,0
295500,Camptothecin Derivative,ZAP70,0,0
295500,Camptothecin Derivative,PGR,2,0
295500,Camptothecin Derivative,EPHB6,0,0
295500,Camptothecin Derivative,adenosine deaminase,2,0
295500,Camptothecin Derivative,LCK,2,2
295501,Camptothecin Derivative,PGR,2,0
295501,Camptothecin Derivative,ZAP70,0,0
295501,Camptothecin Derivative,EPHB6,0,0
295501,Camptothecin Derivative,adenosine deaminase,2,1
295501,Camptothecin Derivative,PRKCQ,0,0
296934,Teroxirone,ZAP70,0,0
296934,Teroxirone,PGR,0,0
296934,Teroxirone,EPHB6,0,0
296934,Teroxirone,LCK,0,0
296934,Teroxirone,adenosine deaminase,0,0
301739,Mitoxantrone,POLB,0,0
301739,Mitoxantrone,CST4,0,0
301739,Mitoxantrone,MPO,7,5
301739,Mitoxantrone,MIR6807,0,0
301739,Mitoxantrone,MIR568,0,0
302991,Camptothecin Derivative,PGR,2,2
302991,Camptothecin Derivative,ZAP70,0,0
302991,Camptothecin Derivative,LCK,2,2
302991,Camptothecin Derivative,EPHB6,0,0
302991,Camptothecin Derivative,PRKCQ,0,0
303812,Aphidicoline glycinate,PGR,0,0
303812,Aphidicoline glycinate,ZAP70,0,0
303812,Aphidicoline glycinate,EPHB6,0,0
303812,Aphidicoline glycinate,adenosine deaminase,0,0
303812,Aphidicoline glycinate,LCK,0,0
308847,AMONAFIDE,TOP2B,0,0
308847,AMONAFIDE,TOP2A,2,0
308847,AMONAFIDE,PRTN3,0,0
308847,AMONAFIDE,MPO,0,0
308847,AMONAFIDE,PLA2G2A,0,0
312887,Fludarabine,TOP2A,0,0
312887,Fludarabine,PRG2,0,0
312887,Fludarabine,KRT14,0,0
312887,Fludarabine,SNORD88B,0,0
312887,Fludarabine,MIR1296,0,0
314622,Indenoisoquinoline derivative,PGR,0,0
314622,Indenoisoquinoline derivative,ZAP70,0,0
314622,Indenoisoquinoline derivative,EPHB6,0,0
314622,Indenoisoquinoline derivative,adenosine deaminase,0,0
314622,Indenoisoquinoline derivative,LCK,0,0
320846,Batracylin,PGR,0,0
320846,Batracylin,ZAP70,0,0
320846,Batracylin,EPHB6,0,0
320846,Batracylin,adenosine deaminase,0,0
320846,Batracylin,UGT1A1,0,0
326231,Buthionine sulphoximine,PGR,0,0
326231,Buthionine sulphoximine,ZAP70,0,0
326231,Buthionine sulphoximine,EPHB6,0,0
326231,Buthionine sulphoximine,adenosine deaminase,0,0
326231,Buthionine sulphoximine,LCK,0,0
328410,Camptothecin Derivative,PGR,2,0
328410,Camptothecin Derivative,ZAP70,0,0
328410,Camptothecin Derivative,EPHB6,0,0
328410,Camptothecin Derivative,adenosine deaminase,2,1
328410,Camptothecin Derivative,LCK,2,0
329680,Hepsulfam,PGR,0,0
329680,Hepsulfam,ZAP70,0,0
329680,Hepsulfam,EPHB6,0,0
329680,Hepsulfam,adenosine deaminase,0,0
329680,Hepsulfam,LCK,0,0
337766,Bisantrene hydrochloride,ZAP70,0,0
337766,Bisantrene hydrochloride,PGR,0,0
337766,Bisantrene hydrochloride,BMX,0,0
337766,Bisantrene hydrochloride,LCK,0,0
337766,Bisantrene hydrochloride,EPHB6,0,0
338947,CLOMESONE,ZAP70,0,0
338947,CLOMESONE,PGR,0,0
338947,CLOMESONE,adenosine deaminase,0,0
338947,CLOMESONE,LCK,0,0
338947,CLOMESONE,EPHB6,0,0
343499,CI-921: amsacrine derivative,PGR,0,0
343499,CI-921: amsacrine derivative,ZAP70,0,0
343499,CI-921: amsacrine derivative,EPHB6,0,0
343499,CI-921: amsacrine derivative,adenosine deaminase,0,0
343499,CI-921: amsacrine derivative,LCK,0,0
344007,Piperazine,DCK,5,0
344007,Piperazine,POLA1,1,1
344007,Piperazine,RRM1,0,0
344007,Piperazine,MIR568,0,0
344007,Piperazine,MIR455,0,0
348948,CYCLODISONE,PGR,0,0
348948,CYCLODISONE,ZAP70,0,0
348948,CYCLODISONE,EPHB6,0,0
348948,CYCLODISONE,adenosine deaminase,0,0
348948,CYCLODISONE,LCK,0,0
349174,Oxanthrazole,ZAP70,0,0
349174,Oxanthrazole,PGR,0,0
349174,Oxanthrazole,adenosine deaminase,0,0
349174,Oxanthrazole,EPHB6,0,0
349174,Oxanthrazole,LCK,0,0
351710,2-methylellpticinium,PGR,0,0
351710,2-methylellpticinium,ZAP70,0,0
351710,2-methylellpticinium,EPHB6,0,0
351710,2-methylellpticinium,adenosine deaminase,0,0
351710,2-methylellpticinium,RET,0,0
352122,TRIMETREXATE GLUCURONATE,GABRB3,0,0
352122,TRIMETREXATE GLUCURONATE,IGLL5,0,0
352122,TRIMETREXATE GLUCURONATE,MIR6728,0,0
352122,TRIMETREXATE GLUCURONATE,RNASE2,0,0
352122,TRIMETREXATE GLUCURONATE,MPO,0,0
352299,2-methylellpticinium,PGR,0,0
352299,2-methylellpticinium,ZAP70,0,0
352299,2-methylellpticinium,EPHB6,0,0
352299,2-methylellpticinium,adenosine deaminase,0,0
352299,2-methylellpticinium,LCK,0,0
353451,Mitozolomide,ZAP70,0,0
353451,Mitozolomide,PGR,0,0
353451,Mitozolomide,LCK,0,0
353451,Mitozolomide,adenosine deaminase,0,0
353451,Mitozolomide,RET,0,0
354258,8-Chloro-adenosine,ZAP70,0,0
354258,8-Chloro-adenosine,PGR,0,0
354258,8-Chloro-adenosine,EPHB6,0,0
354258,8-Chloro-adenosine,adenosine deaminase,5,0
354258,8-Chloro-adenosine,LCK,0,0
354646,Morpholinodoxorubicin,PGR,0,0
354646,Morpholinodoxorubicin,ZAP70,0,0
354646,Morpholinodoxorubicin,adenosine deaminase,0,0
354646,Morpholinodoxorubicin,LCK,0,0
354646,Morpholinodoxorubicin,RET,0,0
355644,Anthrapyrazole derivative,ZAP70,0,0
355644,Anthrapyrazole derivative,PGR,0,0
355644,Anthrapyrazole derivative,EPHB6,0,0
355644,Anthrapyrazole derivative,adenosine deaminase,0,0
355644,Anthrapyrazole derivative,UGT1A1,0,0
357704,Cyanomorpholinodoxorubicin,PGR,0,0
357704,Cyanomorpholinodoxorubicin,ZAP70,0,0
357704,Cyanomorpholinodoxorubicin,EPHB6,0,0
357704,Cyanomorpholinodoxorubicin,LCK,0,0
357704,Cyanomorpholinodoxorubicin,UGT1A1,0,0
363812,TETRAPLATIN,PGR,0,0
363812,TETRAPLATIN,ZAP70,0,0
363812,TETRAPLATIN,EPHB6,0,0
363812,TETRAPLATIN,adenosine deaminase,0,0
363812,TETRAPLATIN,LCK,1,0
364830,Camptothecin Derivative,PGR,2,2
364830,Camptothecin Derivative,ZAP70,0,0
364830,Camptothecin Derivative,EPHB6,0,0
364830,Camptothecin Derivative,adenosine deaminase,2,0
364830,Camptothecin Derivative,LCK,2,2
365798,Fostamatinib,MPO,1,0
365798,Fostamatinib,CSF3,0,0
365798,Fostamatinib,SNORD83B,0,0
365798,Fostamatinib,PLA2G2A,0,0
365798,Fostamatinib,PRG2,0,0
366140,PYRAZOLOACRIDINE,PGR,0,0
366140,PYRAZOLOACRIDINE,ZAP70,0,0
366140,PYRAZOLOACRIDINE,adenosine deaminase,0,0
366140,PYRAZOLOACRIDINE,LCK,0,0
366140,PYRAZOLOACRIDINE,EPHB6,0,0
368390,Brequinar,DHODH,138,0
368390,Brequinar,PRG2,0,0
368390,Brequinar,ELANE,0,0
368390,Brequinar,MIR330,0,0
368390,Brequinar,TYROBP,0,0
369100,Imiquimod,TLR7,300,0
369100,Imiquimod,TLR8,83,59
369100,Imiquimod,MIR6807,0,0
369100,Imiquimod,MIR658,0,0
369100,Imiquimod,SERPINA6,0,0
369395,10-aminocamptothecin,PGR,0,0
369395,10-aminocamptothecin,ZAP70,0,0
369395,10-aminocamptothecin,adenosine deaminase,0,0
369395,10-aminocamptothecin,EPHB6,0,0
369395,10-aminocamptothecin,LCK,0,0
374028,Camptothecin Derivative,ZAP70,0,0
374028,Camptothecin Derivative,PGR,2,2
374028,Camptothecin Derivative,EPHB6,0,0
374028,Camptothecin Derivative,adenosine deaminase,2,1
374028,Camptothecin Derivative,RET,8,5
374551,FENRETINIDE,ZAP70,0,0
374551,FENRETINIDE,PGR,0,0
374551,FENRETINIDE,EPHB6,0,0
374551,FENRETINIDE,UGT1A1,2,2
374551,FENRETINIDE,LCK,0,0
409962,Carmustine,GSR,2,0
409962,Carmustine,MIR7110,0,0
409962,Carmustine,CSF3,0,0
409962,Carmustine,MIR641,0,0
409962,Carmustine,SERPINA6,0,0
526598,Mithramycin,DHODH,0,0
526598,Mithramycin,MIR3198-1,0,0
526598,Mithramycin,PRTN3,0,0
526598,Mithramycin,IGLL5,0,0
526598,Mithramycin,CD1E,0,0
603071,Aminocamptothecin,PGR,0,0
603071,Aminocamptothecin,ZAP70,0,0
603071,Aminocamptothecin,EPHB6,0,0
603071,Aminocamptothecin,adenosine deaminase,0,0
603071,Aminocamptothecin,LCK,0,0
603074,9-Nitro-10-methoxy-20(S)-camptothecin,PGR,0,0
603074,9-Nitro-10-methoxy-20(S)-camptothecin,ZAP70,0,0
603074,9-Nitro-10-methoxy-20(S)-camptothecin,EPHB6,0,0
603074,9-Nitro-10-methoxy-20(S)-camptothecin,adenosine deaminase,0,0
603074,9-Nitro-10-methoxy-20(S)-camptothecin,LCK,0,0
603076,9-Nitro-10-hydroxy-20(S)-camptothecin,PGR,0,0
603076,9-Nitro-10-hydroxy-20(S)-camptothecin,ZAP70,0,0
603076,9-Nitro-10-hydroxy-20(S)-camptothecin,EPHB6,0,0
603076,9-Nitro-10-hydroxy-20(S)-camptothecin,LCK,0,0
603076,9-Nitro-10-hydroxy-20(S)-camptothecin,UGT1A1,1,0
603077,9-Acetamido-10-hydroxy-20-(S)-camptothecin,ZAP70,0,0
603077,9-Acetamido-10-hydroxy-20-(S)-camptothecin,PGR,0,0
603077,9-Acetamido-10-hydroxy-20-(S)-camptothecin,EPHB6,0,0
603077,9-Acetamido-10-hydroxy-20-(S)-camptothecin,adenosine deaminase,0,0
603077,9-Acetamido-10-hydroxy-20-(S)-camptothecin,LCK,0,0
606170,Zalcitabine,PLA2G2A,0,0
606170,Zalcitabine,PVALB,0,0
606170,Zalcitabine,MIR1231,0,0
606170,Zalcitabine,MIR330,0,0
606170,Zalcitabine,PRG2,0,0
606172,Camptothecin Derivative,PGR,2,0
606172,Camptothecin Derivative,ZAP70,0,0
606172,Camptothecin Derivative,EPHB6,0,0
606172,Camptothecin Derivative,adenosine deaminase,2,1
606172,Camptothecin Derivative,UGT1A1,300,0
606173,Camptothecin Derivative,ZAP70,0,0
606173,Camptothecin Derivative,PGR,2,0
606173,Camptothecin Derivative,EPHB6,0,0
606173,Camptothecin Derivative,LCK,2,0
606173,Camptothecin Derivative,adenosine deaminase,2,1
606497,Camptothecin Derivative,ZAP70,0,0
606497,Camptothecin Derivative,PGR,2,2
606497,Camptothecin Derivative,adenosine deaminase,2,0
606497,Camptothecin Derivative,EPHB6,0,0
606497,Camptothecin Derivative,PRKCQ,0,0
606498,Camptothecin Derivative,PGR,2,2
606498,Camptothecin Derivative,ZAP70,0,0
606498,Camptothecin Derivative,LCK,2,2
606498,Camptothecin Derivative,adenosine deaminase,2,1
606498,Camptothecin Derivative,EPHB6,0,0
606499,Camptothecin Derivative,PGR,2,2
606499,Camptothecin Derivative,ZAP70,0,0
606499,Camptothecin Derivative,BMX,2,2
606499,Camptothecin Derivative,EPHB6,0,0
606499,Camptothecin Derivative,LCK,2,2
606869,Clofarabine,CHI3L1,0,0
606869,Clofarabine,KIR3DL2,1,1
606869,Clofarabine,MIR6728,0,0
606869,Clofarabine,DEFA1B,0,0
606869,Clofarabine,HBG1,0,0
606985,Camptothecin Derivative,PGR,2,2
606985,Camptothecin Derivative,ZAP70,0,0
606985,Camptothecin Derivative,adenosine deaminase,2,1
606985,Camptothecin Derivative,LCK,2,0
606985,Camptothecin Derivative,EPHB6,0,0
606986,Camptothecin Derivative,PGR,2,0
606986,Camptothecin Derivative,ZAP70,0,0
606986,Camptothecin Derivative,EPHB6,0,0
606986,Camptothecin Derivative,adenosine deaminase,2,1
606986,Camptothecin Derivative,LCK,2,0
609699,Topotecan,POLA1,0,0
609699,Topotecan,RRM1,4,0
609699,Topotecan,PRG2,0,0
609699,Topotecan,MPO,2,0
609699,Topotecan,RNASE2,0,0
610456,Camptothecin Derivative,PGR,2,2
610456,Camptothecin Derivative,ZAP70,0,0
610456,Camptothecin Derivative,adenosine deaminase,2,1
610456,Camptothecin Derivative,EPHB6,0,0
610456,Camptothecin Derivative,PRKCQ,0,0
610457,Camptothecin Derivative,PGR,2,0
610457,Camptothecin Derivative,ZAP70,0,0
610457,Camptothecin Derivative,adenosine deaminase,2,0
610457,Camptothecin Derivative,EPHB6,0,0
610457,Camptothecin Derivative,LCK,2,0
610458,Camptothecin Derivative,PGR,2,2
610458,Camptothecin Derivative,ZAP70,0,0
610458,Camptothecin Derivative,EPHB6,0,0
610458,Camptothecin Derivative,adenosine deaminase,2,0
610458,Camptothecin Derivative,PRKCQ,0,0
610459,Camptothecin Derivative,PGR,2,0
610459,Camptothecin Derivative,ZAP70,0,0
610459,Camptothecin Derivative,EPHB6,0,0
610459,Camptothecin Derivative,UGT1A1,300,200
610459,Camptothecin Derivative,adenosine deaminase,2,1
613327,Gemcitabine,CMPK1,4,0
613327,Gemcitabine,RRM1,262,157
613327,Gemcitabine,TYMS,11,9
613327,Gemcitabine,SNORD83B,0,0
613327,Gemcitabine,PRTN3,0,0
616348,Irinotecan,TOP1MT,2,0
616348,Irinotecan,TOP1,131,95
616348,Irinotecan,ELANE,0,0
616348,Irinotecan,CHI3L1,0,0
616348,Irinotecan,KIR3DL2,0,0
618939,Camptothecin Derivative,ZAP70,0,0
618939,Camptothecin Derivative,PGR,2,2
618939,Camptothecin Derivative,EPHB6,0,0
618939,Camptothecin Derivative,adenosine deaminase,2,1
618939,Camptothecin Derivative,LCK,2,0
619232,9-Glycinamido-20(RS)-camptothecin hydrochloride,PGR,0,0
619232,9-Glycinamido-20(RS)-camptothecin hydrochloride,ZAP70,0,0
619232,9-Glycinamido-20(RS)-camptothecin hydrochloride,EPHB6,0,0
619232,9-Glycinamido-20(RS)-camptothecin hydrochloride,LCK,0,0
619232,9-Glycinamido-20(RS)-camptothecin hydrochloride,adenosine deaminase,0,0
623017,An Antifol,PGR,43,0
623017,An Antifol,ZAP70,0,0
623017,An Antifol,EPHB6,0,0
623017,An Antifol,adenosine deaminase,51,34
623017,An Antifol,LCK,2,0
627168,Pyrazoloacridine,PGR,0,0
627168,Pyrazoloacridine,EPHB6,0,0
627168,Pyrazoloacridine,ZAP70,0,0
627168,Pyrazoloacridine,adenosine deaminase,0,0
627168,Pyrazoloacridine,LCK,0,0
627505,ellipticine,ZAP70,0,0
627505,ellipticine,PGR,0,0
627505,ellipticine,EPHB6,0,0
627505,ellipticine,RET,2,1
627505,ellipticine,UGT1A1,0,0
629971,Camptothecin Derivative,PGR,2,2
629971,Camptothecin Derivative,ZAP70,0,0
629971,Camptothecin Derivative,EPHB6,0,0
629971,Camptothecin Derivative,adenosine deaminase,2,1
629971,Camptothecin Derivative,LCK,2,2
633782,Simvastatin,ITGAL,0,0
633782,Simvastatin,HDAC2,3,3
633782,Simvastatin,HMGCR,113,0
633782,Simvastatin,SNORD83B,0,0
633782,Simvastatin,CSF3,0,0
634724,"10,11-methylenedioxycamptothecin",PGR,0,0
634724,"10,11-methylenedioxycamptothecin",ZAP70,0,0
634724,"10,11-methylenedioxycamptothecin",ITK,0,0
634724,"10,11-methylenedioxycamptothecin",EPHB6,0,0
634724,"10,11-methylenedioxycamptothecin",BTK,0,0
637037,O-6-Benzylguanine,ZAP70,0,0
637037,O-6-Benzylguanine,PGR,1,1
637037,O-6-Benzylguanine,EPHB6,0,0
637037,O-6-Benzylguanine,adenosine deaminase,1,1
637037,O-6-Benzylguanine,LCK,0,0
637651,ellipticine,TYMS,0,0
637651,ellipticine,MPO,1,0
637651,ellipticine,IGLL5,0,0
637651,ellipticine,MMP3,0,0
637651,ellipticine,MIR1231,0,0
638066,2-n-methyl-6-thiaellipticinum iodide,PGR,9,0
638066,2-n-methyl-6-thiaellipticinum iodide,ZAP70,0,0
638066,2-n-methyl-6-thiaellipticinum iodide,adenosine deaminase,19,0
638066,2-n-methyl-6-thiaellipticinum iodide,LCK,7,0
638066,2-n-methyl-6-thiaellipticinum iodide,EPHB6,0,0
639174,Camptothecin Derivative,PGR,2,2
639174,Camptothecin Derivative,ZAP70,0,0
639174,Camptothecin Derivative,EPHB6,0,0
639174,Camptothecin Derivative,adenosine deaminase,2,0
639174,Camptothecin Derivative,UGT1A1,300,200
639186,Raltitrexed,FPGS,23,17
639186,Raltitrexed,TYMS,7,0
639186,Raltitrexed,ELANE,0,0
639186,Raltitrexed,KRT14,0,0
639186,Raltitrexed,MIR3198-1,0,0
643833,Camptothecin Derivative,ZAP70,0,0
643833,Camptothecin Derivative,PGR,2,0
643833,Camptothecin Derivative,EPHB6,0,0
643833,Camptothecin Derivative,RET,8,0
643833,Camptothecin Derivative,adenosine deaminase,2,1
656889,XK-469,PGR,0,0
656889,XK-469,ZAP70,0,0
656889,XK-469,LCK,0,0
656889,XK-469,PRKCQ,0,0
656889,XK-469,adenosine deaminase,0,0
673596,7-Ethyl-10-hydroxycamptothecin,TOP1,131,95
673596,7-Ethyl-10-hydroxycamptothecin,MIR126,0,0
673596,7-Ethyl-10-hydroxycamptothecin,MIR3198-1,0,0
673596,7-Ethyl-10-hydroxycamptothecin,MIR5699,0,0
673596,7-Ethyl-10-hydroxycamptothecin,HBZ,0,0
681632,Camptothecin Derivative,ZAP70,0,0
681632,Camptothecin Derivative,PGR,2,0
681632,Camptothecin Derivative,LCK,2,2
681632,Camptothecin Derivative,UGT1A1,300,0
681632,Camptothecin Derivative,PRKCQ,0,0
681633,Camptothecin Derivative,PGR,2,0
681633,Camptothecin Derivative,ZAP70,0,0
681633,Camptothecin Derivative,UGT1A1,300,0
681633,Camptothecin Derivative,adenosine deaminase,2,1
681633,Camptothecin Derivative,EPHB6,0,0
681634,Camptothecin Derivative,ZAP70,0,0
681634,Camptothecin Derivative,PGR,2,0
681634,Camptothecin Derivative,adenosine deaminase,2,1
681634,Camptothecin Derivative,LCK,2,0
681634,Camptothecin Derivative,EPHB6,0,0
681635,Camptothecin Derivative,ZAP70,0,0
681635,Camptothecin Derivative,PGR,2,2
681635,Camptothecin Derivative,EPHB6,0,0
681635,Camptothecin Derivative,adenosine deaminase,2,1
681635,Camptothecin Derivative,LCK,2,0
681636,Camptothecin Derivative,ZAP70,0,0
681636,Camptothecin Derivative,PGR,2,0
681636,Camptothecin Derivative,EPHB6,0,0
681636,Camptothecin Derivative,LCK,2,0
681636,Camptothecin Derivative,adenosine deaminase,2,1
681637,Camptothecin Derivative,ZAP70,0,0
681637,Camptothecin Derivative,PGR,2,2
681637,Camptothecin Derivative,adenosine deaminase,2,0
681637,Camptothecin Derivative,LCK,2,2
681637,Camptothecin Derivative,UGT1A1,300,200
681638,Camptothecin Derivative,CSN3,0,0
681638,Camptothecin Derivative,BLK,0,0
681638,Camptothecin Derivative,PGR,2,2
681638,Camptothecin Derivative,ZAP70,0,0
681638,Camptothecin Derivative,BMX,2,2
681639,Camptothecin Derivative,ZAP70,0,0
681639,Camptothecin Derivative,PGR,2,2
681639,Camptothecin Derivative,EPHB6,0,0
681639,Camptothecin Derivative,adenosine deaminase,2,1
681639,Camptothecin Derivative,UGT1A1,300,200
681640,Camptothecin Derivative,ZAP70,0,0
681640,Camptothecin Derivative,PGR,2,0
681640,Camptothecin Derivative,adenosine deaminase,2,1
681640,Camptothecin Derivative,EPHB6,0,0
681640,Camptothecin Derivative,PRKCQ,0,0
681641,Camptothecin Derivative,ZAP70,0,0
681641,Camptothecin Derivative,PGR,2,0
681641,Camptothecin Derivative,adenosine deaminase,2,1
681641,Camptothecin Derivative,EPHB6,0,0
681641,Camptothecin Derivative,LCK,2,2
681642,Camptothecin Derivative,PGR,2,0
681642,Camptothecin Derivative,ZAP70,0,0
681642,Camptothecin Derivative,adenosine deaminase,2,0
681642,Camptothecin Derivative,PRKCQ,0,0
681642,Camptothecin Derivative,EPHB6,0,0
681643,Camptothecin Derivative,PGR,2,2
681643,Camptothecin Derivative,ZAP70,0,0
681643,Camptothecin Derivative,EPHB6,0,0
681643,Camptothecin Derivative,adenosine deaminase,2,0
681643,Camptothecin Derivative,LCK,2,2
681644,Camptothecin Derivative,PGR,2,0
681644,Camptothecin Derivative,ZAP70,0,0
681644,Camptothecin Derivative,LCK,2,0
681644,Camptothecin Derivative,EPHB6,0,0
681644,Camptothecin Derivative,adenosine deaminase,2,0
681645,Camptothecin Derivative,PGR,2,2
681645,Camptothecin Derivative,ZAP70,0,0
681645,Camptothecin Derivative,EPHB6,0,0
681645,Camptothecin Derivative,LCK,2,0
681645,Camptothecin Derivative,adenosine deaminase,2,1
681646,Camptothecin Derivative,ZAP70,0,0
681646,Camptothecin Derivative,PGR,2,2
681646,Camptothecin Derivative,LCK,2,2
681646,Camptothecin Derivative,EPHB6,0,0
681646,Camptothecin Derivative,PRKCQ,0,0
682298,Camptothecin Derivative,ZAP70,0,0
682298,Camptothecin Derivative,PGR,2,0
682298,Camptothecin Derivative,adenosine deaminase,2,1
682298,Camptothecin Derivative,LCK,2,0
682298,Camptothecin Derivative,EPHB6,0,0
683555,Camptothecin Derivative,PGR,2,2
683555,Camptothecin Derivative,ZAP70,0,0
683555,Camptothecin Derivative,adenosine deaminase,2,0
683555,Camptothecin Derivative,EPHB6,0,0
683555,Camptothecin Derivative,LCK,2,0
683556,Camptothecin Derivative,ZAP70,0,0
683556,Camptothecin Derivative,PGR,2,0
683556,Camptothecin Derivative,EPHB6,0,0
683556,Camptothecin Derivative,LCK,2,0
683556,Camptothecin Derivative,adenosine deaminase,2,1
683557,Camptothecin Derivative,PGR,2,0
683557,Camptothecin Derivative,ZAP70,0,0
683557,Camptothecin Derivative,EPHB6,0,0
683557,Camptothecin Derivative,adenosine deaminase,2,1
683557,Camptothecin Derivative,LCK,2,0
683558,Camptothecin Derivative,PGR,2,2
683558,Camptothecin Derivative,ZAP70,0,0
683558,Camptothecin Derivative,EPHB6,0,0
683558,Camptothecin Derivative,adenosine deaminase,2,0
683558,Camptothecin Derivative,UGT1A1,300,200
694501,BN-2629,ZAP70,0,0
694501,BN-2629,PGR,0,0
694501,BN-2629,adenosine deaminase,0,0
694501,BN-2629,EPHB6,0,0
694501,BN-2629,LCK,0,0
697887,XK-469,ZAP70,0,0
697887,XK-469,PGR,0,0
697887,XK-469,EPHB6,0,0
697887,XK-469,adenosine deaminase,0,0
697887,XK-469,LCK,0,0
697912,5-Fluoro deoxy uridine 10mer,ESR1,0,0
697912,5-Fluoro deoxy uridine 10mer,MAP2,0,0
697912,5-Fluoro deoxy uridine 10mer,MAP1A,0,0
697912,5-Fluoro deoxy uridine 10mer,ESR2,0,0
697912,5-Fluoro deoxy uridine 10mer,MIR641,0,0
698037,Pemetrexed,GART,3,2
698037,Pemetrexed,TYMS,32,0
698037,Pemetrexed,ATIC,4,4
698037,Pemetrexed,DHFR,51,0
698037,Pemetrexed,SNORD83B,0,0
702294,Estramustine,ESR1,0,0
702294,Estramustine,MAP2,10,5
702294,Estramustine,MAP1A,1,1
702294,Estramustine,ESR2,0,0
702294,Estramustine,IGLL5,0,0
706744,Indenoisoquinoline derivative,ZAP70,0,0
706744,Indenoisoquinoline derivative,PGR,0,0
706744,Indenoisoquinoline derivative,adenosine deaminase,0,0
706744,Indenoisoquinoline derivative,EPHB6,0,0
706744,Indenoisoquinoline derivative,LCK,0,0
708298,AR-67,PGR,0,0
708298,AR-67,ZAP70,0,0
708298,AR-67,adenosine deaminase,0,0
708298,AR-67,EPHB6,0,0
708298,AR-67,PRKCQ,0,0
709237,Camptothecin Derivative,ZAP70,0,0
709237,Camptothecin Derivative,PGR,2,2
709237,Camptothecin Derivative,EPHB6,0,0
709237,Camptothecin Derivative,adenosine deaminase,2,1
709237,Camptothecin Derivative,LCK,2,0
710270,Karenitecin,TOP1,0,0
710270,Karenitecin,MIR5699,0,0
710270,Karenitecin,MIR1231,0,0
710270,Karenitecin,SERPINA6,0,0
710270,Karenitecin,HBG2,0,0
719276,Fulvestrant,ESR1,300,0
719276,Fulvestrant,MIR6728,0,0
719276,Fulvestrant,PRG2,0,0
719276,Fulvestrant,MIR330,0,0
719276,Fulvestrant,MPO,6,0
719627,Celecoxib,CDH11,2,1
719627,Celecoxib,PTGS2,300,0
719627,Celecoxib,CA2,47,35
719627,Celecoxib,NEU1,1,1
719627,Celecoxib,PDPK1,8,0
721517,Zoledronate,FDPS,15,11
721517,Zoledronate,GGPS1,2,0
721517,Zoledronate,MPO,1,0
721517,Zoledronate,MIR6728,0,0
721517,Zoledronate,MIR126,0,0
724998,LMP-400,PGR,0,0
724998,LMP-400,ZAP70,0,0
724998,LMP-400,adenosine deaminase,0,0
724998,LMP-400,EPHB6,0,0
724998,LMP-400,LCK,0,0
725776,LMP776,ZAP70,0,0
725776,LMP776,PGR,0,0
725776,LMP776,EPHB6,0,0
725776,LMP776,adenosine deaminase,0,0
725776,LMP776,LCK,0,0
728073,Irinotecan,TOP1MT,2,0
728073,Irinotecan,TOP1,131,95
728073,Irinotecan,MIR6807,0,0
728073,Irinotecan,MPO,13,0
728073,Irinotecan,KRT14,0,0
734294,Indenoisoquinoline derivative,ZAP70,0,0
734294,Indenoisoquinoline derivative,PGR,0,0
734294,Indenoisoquinoline derivative,adenosine deaminase,0,0
734294,Indenoisoquinoline derivative,PRKCQ,0,0
734294,Indenoisoquinoline derivative,UGT1A1,0,0
735037,Camptothecin Derivative,PGR,2,2
735037,Camptothecin Derivative,BMX,2,0
735037,Camptothecin Derivative,ITK,0,0
735037,Camptothecin Derivative,ZAP70,0,0
735037,Camptothecin Derivative,BTK,2,2
736198,Indenoisoquinoline derivative,PGR,0,0
736198,Indenoisoquinoline derivative,ZAP70,0,0
736198,Indenoisoquinoline derivative,EPHB6,0,0
736198,Indenoisoquinoline derivative,adenosine deaminase,0,0
736198,Indenoisoquinoline derivative,LCK,0,0
736201,Indenoisoquinoline derivative,PGR,0,0
736201,Indenoisoquinoline derivative,ZAP70,0,0
736201,Indenoisoquinoline derivative,EPHB6,0,0
736201,Indenoisoquinoline derivative,LCK,0,0
736201,Indenoisoquinoline derivative,RET,0,0
736202,Indenoisoquinoline derivative,PGR,0,0
736202,Indenoisoquinoline derivative,ZAP70,0,0
736202,Indenoisoquinoline derivative,adenosine deaminase,0,0
736202,Indenoisoquinoline derivative,LCK,0,0
736202,Indenoisoquinoline derivative,EPHB6,0,0
736493,Indenoisoquinoline derivative,PGR,0,0
736493,Indenoisoquinoline derivative,ZAP70,0,0
736493,Indenoisoquinoline derivative,LCK,0,0
736493,Indenoisoquinoline derivative,UGT1A1,0,0
736493,Indenoisoquinoline derivative,EPHB6,0,0
736624,Indenoisoquinoline derivative,PGR,0,0
736624,Indenoisoquinoline derivative,ZAP70,0,0
736624,Indenoisoquinoline derivative,EPHB6,0,0
736624,Indenoisoquinoline derivative,adenosine deaminase,0,0
736624,Indenoisoquinoline derivative,RET,0,0
737518,Indenoisoquinoline derivative,PGR,0,0
737518,Indenoisoquinoline derivative,ZAP70,0,0
737518,Indenoisoquinoline derivative,EPHB6,0,0
737518,Indenoisoquinoline derivative,LCK,0,0
737518,Indenoisoquinoline derivative,adenosine deaminase,0,0
740268,Indenoisoquinoline derivative,PGR,0,0
740268,Indenoisoquinoline derivative,ZAP70,0,0
740268,Indenoisoquinoline derivative,EPHB6,0,0
740268,Indenoisoquinoline derivative,adenosine deaminase,0,0
740268,Indenoisoquinoline derivative,PRKCQ,0,0
740521,Indenoisoquinoline derivative,ZAP70,0,0
740521,Indenoisoquinoline derivative,PGR,0,0
740521,Indenoisoquinoline derivative,EPHB6,0,0
740521,Indenoisoquinoline derivative,adenosine deaminase,0,0
740521,Indenoisoquinoline derivative,LCK,0,0
740645,Indenoisoquinoline derivative,PGR,0,0
740645,Indenoisoquinoline derivative,EPHB6,0,0
740645,Indenoisoquinoline derivative,ZAP70,0,0
740645,Indenoisoquinoline derivative,LCK,0,0
740645,Indenoisoquinoline derivative,adenosine deaminase,0,0
747856,Olaparib,AKR1C3,1,0
747856,Olaparib,PARP2,75,50
747856,Olaparib,PARP3,11,7
747856,Olaparib,PARP1,300,0
747856,Olaparib,KIR3DL2,0,0
752840,Veliparib,PARP2,40,0
752840,Veliparib,PARP1,157,101
752840,Veliparib,MIR5699,0,0
752840,Veliparib,RNASE2,0,0
752840,Veliparib,MIR658,0,0
753686,Olaparib,AKR1C3,1,1
753686,Olaparib,PARP2,75,50
753686,Olaparib,PARP3,11,7
753686,Olaparib,PARP1,300,0
753686,Olaparib,IGLL5,0,0
754230,pralatrexate,FPGS,6,4
754230,pralatrexate,TYMS,0,0
754230,pralatrexate,DHFR,13,9
754230,pralatrexate,MPO,0,0
754230,pralatrexate,PRTN3,0,0
754365,XR-11576,CYP51A1,0,0
754365,XR-11576,RNASE2,0,0
754365,XR-11576,MIR6728,0,0
754365,XR-11576,MIR126,0,0
754365,XR-11576,PIP,0,0
754366,XR-5944,EPHB6,0,0
754366,XR-5944,PGR,0,0
754366,XR-5944,ZAP70,0,0
754366,XR-5944,LCK,0,0
754366,XR-5944,adenosine deaminase,0,0
754771,Itraconazole,GART,0,0
754771,Itraconazole,TYMS,0,0
754771,Itraconazole,ATIC,0,0
754771,Itraconazole,DHFR,1,0
754771,Itraconazole,KRT14,0,0
755384,Pemetrexed,TOP1,0,0
755384,Pemetrexed,TOP2A,4,2
755384,Pemetrexed,PRTN3,0,0
755384,Pemetrexed,MIR330,0,0
755384,Pemetrexed,PLA2G2A,0,0
755841,Actinomycin D,ZAP70,2,0
755841,Actinomycin D,PGR,4,2
755841,Actinomycin D,LCK,4,0
755841,Actinomycin D,RET,3,2
755841,Actinomycin D,adenosine deaminase,13,0
755880,Mitomycin,TOP2B,0,0
755880,Mitomycin,TOP2A,0,0
755880,Mitomycin,KIR3DL2,0,0
755880,Mitomycin,CSF3,0,0
755880,Mitomycin,MIR624,0,0
755985,Nelarabine,POLA1,0,0
755985,Nelarabine,PLA2G2A,0,0
755985,Nelarabine,CHI3L1,0,0
755985,Nelarabine,ELANE,0,0
755985,Nelarabine,CST4,0,0
756660,Quercetin,ESR1,123,76
756660,Quercetin,HSPA2,1,0
756660,Quercetin,CYP1B1,34,0
756660,Quercetin,HIBCH,0,0
756660,Quercetin,RUVBL2,0,0
756717,DAUNORUBICIN,TOP2B,21,15
756717,DAUNORUBICIN,TOP2A,82,0
756717,DAUNORUBICIN,MIR5699,0,0
756717,DAUNORUBICIN,SNORD32A,0,0
756717,DAUNORUBICIN,HBG2,1,1
757036,Fluorouracil,TYMS,220,0
757036,Fluorouracil,KIR3DL2,0,0
757036,Fluorouracil,RNASE2,0,0
757036,Fluorouracil,DEFA3,0,0
757036,Fluorouracil,MIR5699,0,0
757087,Nitrogen mustard,PGR,0,0
757087,Nitrogen mustard,ZAP70,2,0
757087,Nitrogen mustard,adenosine deaminase,2,1
757087,Nitrogen mustard,EPHB6,0,0
757087,Nitrogen mustard,RET,0,0
757098,Melphalan,ZAP70,0,0
757098,Melphalan,PGR,9,3
757098,Melphalan,RET,3,1
757098,Melphalan,EPHB6,0,0
757098,Melphalan,LCK,0,0
757348,6-Thioguanine,PGR,1,0
757348,6-Thioguanine,ZAP70,0,0
757348,6-Thioguanine,LCK,0,0
757348,6-Thioguanine,EPHB6,0,0
757348,6-Thioguanine,adenosine deaminase,11,0
757804,Etoposide,TYMS,4,2
757804,Etoposide,MIR641,0,0
757804,Etoposide,PRTN3,0,0
757804,Etoposide,MIR2278,0,0
757804,Etoposide,KRT14,0,0
758230,Floxuridine,KCNH2,0,0
758230,Floxuridine,ORM1,0,0
758230,Floxuridine,TOP2A,0,0
758230,Floxuridine,ALB,1,0
758230,Floxuridine,MIR2278,0,0
758251,Amonafide,TOP2B,0,0
758251,Amonafide,TOP2A,2,0
758251,Amonafide,KRT14,0,0
758251,Amonafide,RNASE2,0,0
758251,Amonafide,SNORD16,0,0
758255,Teniposide,TOP2A,6,0
758255,Teniposide,MPO,1,0
758255,Teniposide,KRT14,0,0
758255,Teniposide,MIR5699,0,0
758255,Teniposide,MIR641,0,0
758423,M-AMSA,LIG1,0,0
758423,M-AMSA,LIG3,0,0
758423,M-AMSA,RNASE2,0,0
758423,M-AMSA,MIR6728,0,0
758423,M-AMSA,ITGB7,0,0
758612,Bleomycin,TOP2A,4,0
758612,Bleomycin,MIR7110,0,0
758612,Bleomycin,PRTN3,0,0
758612,Bleomycin,MIR641,0,0
758612,Bleomycin,CSF3,2,1
758667,Teniposide,NOLC1,0,0
758667,Teniposide,TOP2B,2,2
758667,Teniposide,TOP1,1,0
758667,Teniposide,TOP2A,6,6
758667,Teniposide,SNORD16,0,0
758671,ANCITABINE HYDROCHLORIDE,PGR,0,0
758671,ANCITABINE HYDROCHLORIDE,ZAP70,0,0
758671,ANCITABINE HYDROCHLORIDE,EPHB6,0,0
758671,ANCITABINE HYDROCHLORIDE,adenosine deaminase,0,0
758671,ANCITABINE HYDROCHLORIDE,RET,0,0
758706,Simvastatin,ITGAL,0,0
758706,Simvastatin,HDAC2,3,0
758706,Simvastatin,HMGCR,113,81
758706,Simvastatin,MPO,30,22
758706,Simvastatin,RNASE2,0,0
759155,Doxorubicin,TOP2A,112,80
759155,Doxorubicin,KIR3DL2,1,1
759155,Doxorubicin,SNORD16,0,0
759155,Doxorubicin,KRT14,1,1
759155,Doxorubicin,SERPINA6,1,0
759195,Epirubicin,TOP1MT,0,0
759195,Epirubicin,TOP1,3,0
759195,Epirubicin,KRT14,0,0
759195,Epirubicin,MPO,3,0
759195,Epirubicin,SERPINA6,0,0
759263,Topotecan,TOP1MT,1,1
759263,Topotecan,TOP1,138,0
759263,Topotecan,MIR2278,0,0
759263,Topotecan,MIR6728,0,0
759263,Topotecan,MMP3,1,1
759614,6-Mercaptopurine,HPRT1,4,0
759614,6-Mercaptopurine,PPAT,0,0
759614,6-Mercaptopurine,IMPDH1,8,6
759614,6-Mercaptopurine,SNORD88B,0,0
759614,6-Mercaptopurine,RNASE2,0,0
759857,Clofarabine,RRM1,4,0
759857,Clofarabine,POLA1,0,0
759857,Clofarabine,SNORD16,0,0
759857,Clofarabine,HBG1,0,0
759857,Clofarabine,MMP3,0,0
759878,Irinotecan,TOP1MT,2,1
759878,Irinotecan,TOP1,131,0
759878,Irinotecan,MIR624,0,0
759878,Irinotecan,DEFA3,0,0
759878,Irinotecan,DEFA1,0,0
760419,Fenretinide,PGR,0,0
760419,Fenretinide,ZAP70,0,0
760419,Fenretinide,EPHB6,0,0
760419,Fenretinide,UGT1A1,2,2
760419,Fenretinide,LCK,0,0
760764,Voreloxin,PGR,0,0
760764,Voreloxin,ZAP70,0,0
760764,Voreloxin,LCK,0,0
760764,Voreloxin,adenosine deaminase,0,0
760764,Voreloxin,RET,0,0
765396,BMN-673,TOP1MT,0,0
765396,BMN-673,TOP1,6,5
765396,BMN-673,MIR6126,0,0
765396,BMN-673,KRT14,0,0
765396,BMN-673,MIR641,0,0
765775,Gemcitabine elaidate,ZAP70,0,0
765775,Gemcitabine elaidate,PGR,0,0
765775,Gemcitabine elaidate,EPHB6,0,0
765775,Gemcitabine elaidate,adenosine deaminase,0,0
765775,Gemcitabine elaidate,LCK,0,0
767125,BMN-673,PARP2,27,0
767125,BMN-673,PARP1,130,94
767125,BMN-673,KRT14,0,0
767125,BMN-673,SERPINA3,0,0
767125,BMN-673,MIR2278,0,0
768112,SAR-402674,ZAP70,0,0
768112,SAR-402674,PGR,0,0
768112,SAR-402674,adenosine deaminase,0,0
768112,SAR-402674,EPHB6,0,0
768112,SAR-402674,RET,0,0
768593,CEP-9722,ZAP70,0,0
768593,CEP-9722,PGR,0,0
768593,CEP-9722,EPHB6,0,0
768593,CEP-9722,adenosine deaminase,0,0
768593,CEP-9722,LCK,0,0
772992,Fostamatinib,PARP2,0,0
772992,Fostamatinib,PARP1,0,0
772992,Fostamatinib,MIR6807,0,0
772992,Fostamatinib,PLA2G2A,0,0
772992,Fostamatinib,MIR6126,0,0
783107,E-7449,ZAP70,0,0
783107,E-7449,EPHB6,0,0
783107,E-7449,LCK,0,0
783107,E-7449,PRKCQ,0,0
783107,E-7449,UGT1A1,0,0
784722,aldoxorubicin,TOP2A,0,0
784722,aldoxorubicin,PLA2G2A,0,0
784722,aldoxorubicin,DEFA1,0,0
784722,aldoxorubicin,SNORD88B,0,0
784722,aldoxorubicin,MIR330,0,0
789797,SW-044248,PGR,0,0
789797,SW-044248,ZAP70,0,0
789797,SW-044248,EPHB6,0,0
789797,SW-044248,adenosine deaminase,0,0
789797,SW-044248,LCK,0,0
791785,Sapacitabine,PGR,0,0
791785,Sapacitabine,ZAP70,0,0
791785,Sapacitabine,adenosine deaminase,0,0
791785,Sapacitabine,EPHB6,0,0
791785,Sapacitabine,LCK,0,0
